W REF_WIRE | line | 1480 | 145 0 0 0 169.66666666666666 0 0 0 194.33333333333334 0 0 0 218.99999999999997 0 0 0 243.66666666666663 0 0 0 268.3333333333333 0 0 0 293 0 0 0 317.66666666666663 0 0 0 342.3333333333333 0 0 0 367 0 0 0 391.66666666666663 0 0 0 416.3333333333333 0 0 0 440.99999999999994 0 0 0 465.6666666666667 0 0 0 490.3333333333333 0 0 0 515 0 0 0 539.6666666666666 0 0 0 564.3333333333334 0 0 0 589 0 0 0 613.6666666666666 0 0 0 638.3333333333333 0 0 0 663 0 0 0 687.6666666666666 0 0 0 712.3333333333333 0 0 0 737 0 0 0 761.6666666666667 0 0 0 786.3333333333334 0 0 0 811 0 0 0 835.6666666666666 0 0 0 860.3333333333334 0 0 0 885 0 0 0 909.6666666666666 0 0 0 934.3333333333334 0 0 0 959.0000000000001 0 0 0 983.6666666666667 0 0 0 1008.3333333333333 0 0 0 1033 0 0 0 1057.6666666666667 0 0 0 1082.3333333333333 0 0 0 1107 0 0 0 1131.6666666666665 0 0 0 1156.3333333333335 0 0 0 1181 0 0 0 1205.6666666666667 0 0 0 1230.3333333333333 0 0 0 1255 0 0 0 1279.6666666666665 0 0 0 1304.3333333333333 0 0 0 1329 0 0 0 1353.6666666666665 0 0 0 1378.3333333333335 0 0 0 1403 0 0 0 1427.6666666666667 0 0 0 1452.3333333333333 0 0 0 1477 0 0 0 1501.6666666666667 0 0 0 1526.3333333333333 0 0 0 1551 0 0 0 1575.6666666666667 0 0 0 1600.3333333333333 0 0 0 1625 0 0 0
W REF_WIRE | bspline deg 3 cps 10 | 109.94175867939359 | 1709.4121464720104 0 8.87207410207494 0.003940836814079276 1711.2030767160134 0 9.25951078658322 0.003939409362315666 1712.991163631982 0 9.659865019339765 0.003938184581440934 1714.7763149771229 0 10.073111933325714 0.003937163049346616 1716.5584385896157 0 10.499226673594524 0.003936345246912321 1718.3374423736186 0 10.93818439655666 0.003935731558417491 1720.1132342843737 0 11.38996026862629 0.003935322271884699 1721.8857223134116 0 11.85452946423013 0.003935117579328768 1723.6548144739018 0 12.331867163186699 0.003935117576936995 1725.4204187861349 0 12.821948547457659 0.003935322265129937 1727.182443263168 0 13.324748797275312 0.003935731548588972 1728.9407958966476 0 13.840243086653736 0.003936345236152411 1730.695384642817 0 14.368406578282142 0.003937163040662232 1732.4461174087398 0 14.909214417810857 0.0039381845786860496 1734.1929020387374 0 15.462641727529821 0.003939409370210544 1735.9356463010695 0 16.028663599445306 0.003940845074535851 1737.6742584134365 0 16.607253476711787 0.003939414535455988 1739.4086487358882 0 17.19837828595713 0.003938187110226425 1741.13872825347 0 17.802003334982277 0.003937163376181795 1742.8644080301058 0 18.41809395379473 0.003936343813655469 1744.5855991937306 0 19.046615492265854 0.003935728806421673 1746.3022129215776 0 19.687533317159993 0.003935318641988964 1748.0141604256635 0 20.340812808545273 0.003935113511913566 1749.7213529384492 0 21.006419355588225 0.003935113511910366 1751.4237016987283 0 21.684318351740497 0.003935318641988852 1753.1211179377347 0 22.374475189322805 0.00393572880642105 1754.813512865489 0 23.076855253512125 0.0039363438136578045 1756.500797657409 0 23.791423915737454 0.003937163376177668 1758.1828834411858 0 24.518146526491464 0.003938187110219966 1759.8596812839494 0 25.25698840756244 0.003939414535452229 1761.5311021797331 0 26.0079148436927 0.003940845074530221 1763.1970577532365 0 26.770889515916863 0.003939414535449137 1764.857462465648 0 27.545869852260424 0.003938187110223662 1766.5122315694011 0 28.332811749882236 0.003937163376176694 1768.1612803929454 0 29.13167113653701 0.003936343813657718 1769.8045243262227 0 29.94240396663995 0.00393572880641783 1771.441878806364 0 30.764966216725423 0.003935318641994648 1773.0732593036355 0 31.599313880309197 0.003935113511907531 1774.6985813076553 0 32.4454029621612 0.003935113511911662 1776.3177603138668 0 33.30318947199477 0.003935318641992264 1777.930711810322 0 34.172629417582385 0.0039357288064191375 1779.5373512647586 0 35.05367879730433 0.003936343813657128 1781.137594111994 0 35.94629359213532 0.003937163376179751 1782.731355741662 0 36.85042975708245 0.003938187110224885 1784.3185514862873 0 37.766043212075076 0.003939414535457138 1785.8990966097288 0 38.693089832319465 0.003940836838199522 1787.4729071821998 0 39.63152395646341 0.003939409370212581 1789.0399027658991 0 40.58129401884988 0.003938184578684224 1790.6000038676061 0 41.54234702957542 0.003937163040660024 1792.1531310669866 0 42.51463003601902 0.003936345236154731 1793.69920500261 0 43.49809011737981 0.003935731548588414 1795.238146358263 0 44.492674378639194 0.003935322265130404 1796.7698758495685 0 45.49832994395446 0.003935117576933917 1798.2943142109352 0 46.51500394949785 0.003935117579327973 1799.8113821828351 0 47.54264353574505 0.003935322271881792 1801.3210004994366 0 48.581195839224634 0.003935731558422871 1802.8230898766033 0 49.630607983737946 0.003936345246912962 1804.3175710002588 0 50.690827071056276 0.003937163049346003 1805.8043645151583 0 51.76180017110636 0.0039381845814411886 1807.2833910140487 0 52.843474311652386 0.00393940936231412 1808.7545710272584 0 53.93579646748339 0.003940836814077828
W REF_WIRE | arc R406 | 85.03244115716389 | 1625 0 0 0.0024630541871921183 1626.4172044745808 0 0.0024734909371271208 0.002463054187192118 1627.8343916809724 0 0.009893933609728123 0.0024630541871921183 1629.251544351196 0 0.022261237602072548 0.0024630541871921183 1630.668645217693 0 0.03957525222247904 0.0024630541871921183 1632.085677013537 0 0.061835766505147216 0.0024630541871921183 1633.502622472643 0 0.08904250921271117 0.0024630541871921183 1634.9194643299772 0 0.12119514883968119 0.0024630541871921183 1636.336185321769 0 0.15829329361610744 0.0024630541871921183 1637.75276818572 0 0.20033649151296462 0.0024630541871921183 1639.1691956612153 0 0.2473242302471479 0.002463054187192118 1640.5854504895333 0 0.2992559372878012 0.0024630541871921183 1642.0015154140551 0 0.3561309798634782 0.0024630541871921183 1643.4173731804772 0 0.4179486649698583 0.0024630541871921183 1644.833006537019 0 0.4847082393777957 0.002463054187192118 1646.2483982346353 0 0.5564088896430341 0.002463054187192118 1647.6635310272245 0 0.6330497421156989 0.0024630541871921183 1649.0783876718403 0 0.7146298629513437 0.002463054187192118 1650.4929509289013 0 0.80114825812172 0.0024630541871921183 1651.9072035624001 0 0.8926038734277109 0.0024630541871921183 1653.321128340115 0 0.9889955945113771 0.0024630541871921183 1654.7347080338186 0 1.0903222468700013 0.0024630541871921183 1656.1479254194885 0 1.1965825958703546 0.0024630541871921187 1657.5607632775168 0 1.3077753467636843 0.0024630541871921183 1658.9732043929203 0 1.4238991447012572 0.0024630541871921183 1660.3852315555491 0 1.5449525747512904 0.0024630541871921183 1661.7968275602989 0 1.670934161916049 0.0024630541871921183 1663.207975207317 0 1.801842371149498 0.0024630541871921183 1664.6186573022148 0 1.9376756073765655 0.002463054187192118 1666.0288566562763 0 2.0784322155119606 0.0024630541871921183 1667.4385560866674 0 2.224110480481045 0.0024630541871921183 1668.8477384166454 0 2.37470862723993 0.0024630541871921183 1670.2563864757683 0 2.5302248207978995 0.0024630541871921183 1671.664483100104 0 2.6906571662390633 0.0024630541871921183 1673.0720111324395 0 2.856003708746002 0.0024630541871921183 1674.47895342249 0 3.02626243362325 0.0024630541871921183 1675.8852928271076 0 3.2014312663220523 0.002463054187192118 1677.2910122104904 0 3.381508072465289 0.0024630541871921183 1678.6960944443917 0 3.5664906578740663 0.0024630541871921183 1680.1005224083276 0 3.7563767685939164 0.002463054187192118 1681.5042789897868 0 3.9511640909224988 0.002463054187192118 1682.9073470844378 0 4.150850251437744 0.002463054187192118 1684.3097095963392 0 4.355432817026772 0.0024630541871921183 1685.711349438146 0 4.564909294915653 0.0024630541871921183 1687.1122495313195 0 4.779277132699544 0.0024630541871921183 1688.512392806334 0 4.99853371837411 0.0024630541871921183 1689.911762202885 0 5.222676380366941 0.002463054187192118 1691.3103406700986 0 5.451702387570423 0.0024630541871921183 1692.7081111667376 0 5.685608949375032 0.0024630541871921183 1694.1050566614092 0 5.924393215703039 0.0024630541871921183 1695.5011601327737 0 6.168052277043534 0.0024630541871921183 1696.896404569751 0 6.416583164487788 0.0024630541871921183 1698.2907729717276 0 6.669982849765388 0.0024630541871921183 1699.6842483487644 0 6.928248245280988 0.0024630541871921183 1701.0768137218045 0 7.191376204152444 0.0024630541871921183 1702.4684521228771 0 7.459363520248452 0.0024630541871921183 1703.8591465953089 0 7.732206928228291 0.002463054187192118 1705.2488801939253 0 8.009903103580962 0.0024630541871921183 1706.6376359852618 0 8.292448662666374 0.002463054187192118 1708.025397047767 0 8.579840162755925 0.0024630541871921183 1709.4121464720104 0 8.872074102074912 0.0024630541871921183
W REF_WIRE | arc R900.00000000001 | 229.47764410474343 | -81.99923472162254 0 29.097394977028234 0.0011111111111110988 -78.29622065719144 0 28.140608905188436 0.001111111111111099 -74.58917409658153 0 27.199567701996497 0.0011111111111110988 -70.87816198517457 0 26.274288361671672 0.0011111111111110985 -67.1632513399692 0 25.364787593791462 0.0011111111111110988 -63.44450924836437 0 24.471081822987962 0.0011111111111110988 -59.72200286695398 0 23.593187188652998 0.0011111111111110988 -55.99579942030811 0 22.73111954464502 0.0011111111111110988 -52.265966199764144 0 21.88489445900432 0.0011111111111110988 -48.5325705622095 0 21.05452721367085 0.0011111111111110985 -44.79567992886271 0 20.240032804207942 0.0011111111111110988 -41.05536178406147 0 19.441425939533353 0.0011111111111110988 -37.31168367403753 0 18.658721041651116 0.0011111111111110988 -33.56471320570331 0 17.891932245393537 0.001111111111111099 -29.81451804542459 0 17.141073398163954 0.0011111111111110988 -26.061165917804107 0 16.40615805968759 0.0011111111111110988 -22.304724604456066 0 15.687199501767113 0.0011111111111110988 -18.545261942779863 0 14.98421070804168 0.001111111111111099 -14.782845824740349 0 14.297204373754147 0.0011111111111110988 -11.017544195635582 0 13.626192905519584 0.0011111111111110988 -7.249425052876152 0 12.971188421103786 0.0011111111111110988 -3.4785564447507578 0 12.332202749202326 0.0011111111111110988 0.2949935307962892 0 11.709247429228299 0.0011111111111110985 4.071156727401048 0 11.102333711102919 0.0011111111111110988 7.849864951505248 0 10.511472555053247 0.0011111111111110988 11.631049963590018 0 9.936674631413789 0.0011111111111110988 15.414643479410767 0 9.377950320433648 0.0011111111111110988 19.200577171224616 0 8.835309712089678 0.0011111111111110988 22.988782669030623 0 8.308762605903407 0.001111111111111099 26.779191561798463 0 7.798318510765068 0.0011111111111110988 30.571735398709748 0 7.30398664476084 0.001111111111111099 34.366345690389004 0 6.825775935007328 0.001111111111111099 38.16295391014267 0 6.363695017489901 0.0011111111111110985 41.96149149519909 0 5.917752236906271 0.0011111111111110985 45.76188984794116 0 5.487955646516718 0.0011111111111110988 49.564080337151346 0 5.074313007998099 0.0011111111111110988 53.36799429924489 0 4.67683179130407 0.0011111111111110988 57.1735630395161 0 4.295519174529194 0.0011111111111110988 60.980717833373305 0 3.9303820437807113 0.0011111111111110988 64.78938992758235 0 3.581426993053305 0.0011111111111110988 68.59951054151065 0 3.2486603241099754 0.0011111111111110988 72.4110108683637 0 2.93208804636913 0.0011111111111110988 76.22382207643395 0 2.6317158767945603 0.0011111111111110988 80.03787531033755 0 2.3475492397935227 0.0011111111111110988 83.85310169226416 0 2.0795932671184847 0.0011111111111110985 87.6694323232144 0 1.8278527977737546 0.0011111111111110988 91.48679828425053 0 1.5923323779289955 0.0011111111111110988 95.30513063773537 0 1.3730362608367352 0.0011111111111110988 99.12436042857983 0 1.1699684067553173 0.001111111111111099 102.94441868549032 0 0.9831324828779575 0.0011111111111110985 106.76523642220884 0 0.8125318632657974 0.0011111111111110988 110.58674463876523 0 0.6581696287876193 0.0011111111111110988 114.40887432271674 0 0.5200485670641131 0.0011111111111110988 118.23155645040079 0 0.3981711724170278 0.0011111111111110988 122.05472198817584 0 0.2925396458246521 0.0011111111111110988 125.87830189367047 0 0.2031558948818457 0.0011111111111110985 129.7022271170326 0 0.13002153376562298 0.0011111111111110988 133.5264286021709 0 0.07313788320617576 0.0011111111111110988 137.3508372880082 0 0.03250597046255965 0.0011111111111110988 141.17538410972236 0 0.008126529304819385 0.0011111111111110988 145 0 0 0.0011111111111110988
W FULL_BASELINE | bspline deg 3 cps 10 | 1300.0307296170458 | 195.000001612475 0 0.17687024191244768 3.833615297748777e-6 216.66566028156666 0 0.4335120766753728 6.538764935796008e-6 238.33135508224603 0 0.6870843913746887 9.243934176623403e-6 259.99710022056826 0 0.9363172781368637 1.1949135632126302e-5 281.66290913970016 0 1.1799408053720541 1.465438039018169e-5 303.3287942966555 0 1.4166850104314916 1.7359677568589283e-5 324.9947669389994 0 1.6452798934786124 2.006503386890777e-5 346.6608368815157 0 1.8644554128488056 2.277045313016256e-5 368.32701228283736 0 2.0729414821727925 2.547593588243885e-5 389.99329942159574 0 2.269468018646203 2.7969813137178683e-5 411.65969949441416 0 2.4531212683033745 2.678830832509336e-5 433.32620253494457 0 2.624198724625064 2.5606759322784732e-5 454.992797178137 0 2.7832550126025764 2.4425173287615764e-5 476.65947298200615 0 2.9308447853922166 2.3243556571631354e-5 498.3262203851325 0 3.067522720040897 2.2061914758606487e-5 519.9930306641098 0 3.1938435136846923 2.0880252701128906e-5 541.6598958909808 0 3.3103618801978336 1.9698574557706523e-5 563.326808957647 0 3.417618726195934 1.9159442541364554e-5 584.9937647303442 0 3.515870633307549 1.9203272671159122e-5 606.6607595077049 0 3.6051073292753646 1.924710009635576e-5 628.3277896148408 0 3.685308223282311 1.9290924712498397e-5 649.9948513511112 0 3.7564527273009216 1.9334746414300436e-5 671.6619409900669 0 3.8185202561640654 1.9378565095643906e-5 693.3290547793949 0 3.871490227636199 1.942238064957563e-5 714.9961889408627 0 3.9153420624851356 1.9466192968308412e-5 736.6633396688896 0 3.950056100462598 1.94067564073108e-5 758.3305030725653 0 3.975666323995746 1.9143935876688754e-5 779.9976752384779 0 3.992289113005175 1.8881110546696855e-5 801.664852394806 0 4.000047852316862 1.8618281075251263e-5 823.3320309211615 0 3.9990659302714455 1.8355448090884235e-5 844.9992073464842 0 3.989466738306191 1.8092612193147483e-5 866.666378346938 0 3.9713736705547933 1.7829773953025456e-5 888.3335407438046 0 3.944910123464803 1.756693391333366e-5 910.0006915012249 0 3.910199427338926 1.7318643156240992e-5 931.6678277065533 0 3.8673562123296086 1.711529686188725e-5 953.3349465362435 0 3.816477955498161 1.691194859148233e-5 975.0020452699157 0 3.757660128699902 1.670859873170271e-5 996.6691212921405 0 3.6909982053376234 1.650524765346622e-5 1018.3361720911765 0 3.616587660114871 1.6301895712121717e-5 1040.003195257711 0 3.534523968798828 1.6098543247636516e-5 1061.6701884835938 0 3.4449026079926783 1.58951905847868e-5 1083.3371495605793 0 3.3478190549173155 1.5691838033344687e-5 1105.0040763331474 0 3.2433594289073593 1.5834849644954214e-5 1126.6709659703997 0 3.1314627284354786 1.6220913849454856e-5 1148.33781493809 0 3.011950959043242 1.6606973032645305e-5 1170.0046194955748 0 2.8846428967460973 1.699302644364183e-5 1191.6713757065897 0 2.7493573223962415 1.737907327579831e-5 1213.338079434709 0 2.605913022232152 1.7765112665416113e-5 1235.0047263388083 0 2.454128788463292 1.8151143690447466e-5 1256.6713118685254 0 2.293823419890756 1.853716536921057e-5 1278.337831279773 0 2.124818254671165 1.8410994021763364e-5 1300.0042821099007 0 1.947236908303811 1.675942601857198e-5 1321.670667044125 0 1.7617878458213194 1.5107879950176252e-5 1343.3369901275476 0 1.5692464066953458 1.3456356253480618e-5 1365.0032561665698 0 1.3703879140664257 1.1804854436859745e-5 1386.6694706456458 0 1.1659876752623008 1.0153373181706314e-5 1408.3356396440463 0 0.9568209828257461 8.501910443962776e-6 1430.0017697526364 0 0.7436631159893525 6.85046355564705e-6 1451.6678679906504 0 0.5272893425347602 5.199029326350293e-6 1473.3339417224822 0 0.30847492097371476 3.5476041447281992e-6 1494.9999985744787 0 0.08799510298849605 1.8961840799759398e-6
W FULL_BASELINE | bspline deg 2 cps 3 | 130.08418532913885 | 1494.9999985744787 0 0.08799510298849605 0.0005913101140822834 1497.1679690826868 0 0.06726559988968338 0.000591349358163254 1499.3359643857548 0 0.04931563799743829 0.0005913856901915431 1501.5039809211762 0 0.03414541759106964 0.0005914191090329293 1503.6720151256807 0 0.0217551206915286 0.0005914496136439457 1505.8400634353088 0 0.012144911054428548 0.0005914772030719375 1508.0081222854906 0 0.005314934163772809 0.0005915018764551582 1510.176188111121 0 0.0012653172263202386 0.0005915236330228532 1512.3442573466327 0 -3.8308333760095255e-6 0.0005915424720952765 1514.5123264260785 0 0.0015075806227161925 0.00059155839308379 1516.6803917832 0 0.005799623942465338 0.0005915713954908526 1518.8484498515113 0 0.012872353180590919 0.0005915814789101403 1521.0164970643689 0 0.02272580409633758 0.0005915886430264905 1523.184529855053 0 0.035359994151816884 0.0005915928876160052 1525.3525446568403 0 0.050774922511002275 0.0005915942125460154 1527.5205379030797 0 0.0689705700393832 0.0005915926177751097 1529.6885060272728 0 0.08994689930430957 0.0005915881033531317 1531.8564454631467 0 0.11370385457595726 0.0005915806694211979 1534.0243526447296 0 0.14024136182897431 0.0005915703162116517 1536.1922240064298 0 0.169559328744802 0.0005915570440480811 1538.3600559831089 0 0.2016576447146281 0.0005915408533452501 1540.5278450101628 0 0.2365361808430498 0.0005915217446091409 1542.6955875235894 0 0.27419478995231 0.0005914997184367827 1544.8632799600744 0 0.3146333065873009 0.000591474775516365 1547.0309187570606 0 0.3578515470211691 0.0005914469166270625 1549.198500352826 0 0.4038493092615423 0.0005914161426390275 1551.3660211865604 0 0.4526263730575425 0.0005913824545132842 1553.533477698441 0 0.5041824999072884 0.0005913458533017299 1555.7008663297074 0 0.5585174330662227 0.0005913063401469458 1557.8681835227396 0 0.615630897555975 0.0005912639162821908 1560.0354257211297 0 0.6755226001738959 0.0005912185830312594 1562.2025893697628 0 0.7381922295033844 0.0005911703418084064 1564.369670914889 0 0.8036394559246443 0.0005911191941181885 1566.5366668041995 0 0.8718639316262916 0.0005910651415554158 1568.703573486903 0 0.9428652906175002 0.0005910081858049932 1570.8703874138016 0 1.0166431487408691 0.0005909483286417155 1573.0371050373649 0 1.0931971036858965 0.0005908855719302599 1575.2037228118043 0 1.1725267350030917 0.0005908199176249651 1577.3702371931515 0 1.2546316041188468 0.0005907513677696755 1579.5366446393296 0 1.3395112543507595 0.0005906799244975818 1581.7029416102323 0 1.4271652109238502 0.0005906055900310648 1583.8691245677937 0 1.5175929809871607 0.000590528366681563 1586.0351899760688 0 1.6107940536312497 0.0005904482568492861 1588.201134301303 0 1.7067678999061522 0.0005903652630231042 1590.3669540120095 0 1.805513972840041 0.0005902793877803738 1592.532645579044 0 1.907031707458572 0.0005901906337866514 1594.6982054756763 0 2.0113205208047935 0.0005900990037955656 1596.863630177668 0 2.118379811959763 0.0005900045006485604 1599.0289161633432 0 2.228208962063681 0.0005899071272746572 1601.1940599136642 0 2.3408073343378577 0.0005898068866902795 1603.3590579123065 0 2.4561742741071555 0.0005897037819989758 1605.5239066457293 0 2.5743091088231047 0.0005895978163911931 1607.688602603251 0 2.695211148087618 0.0005894889931440394 1609.8531422771227 0 2.8188796836774332 0.0005893773156209601 1612.0175221626002 0 2.9453139895690774 0.0005892627872715889 1614.1817387580177 0 3.074513321964468 0.0005891454116313964 1616.3457885648616 0 3.2064769193172826 0.0005890251923214546 1618.509668087841 0 3.3412040023596594 0.0005889021330481085 1620.673373834961 0 3.4786937741297805 0.0005887762376027578 1622.8369023175974 0 3.618945419999994 0.0005886475098615112 1625.0002500505657 0 3.7619581077054733 0.0005885159537848865
W FULL_BASELINE | bspline deg 2 cps 3 | 50.00092974252742 | 144.99999501695837 0 0.08210502661258715 0.000399798266906503 145.8333175957966 0 0.0754910699895653 0.0003998070552267906 146.66664233199361 0 0.06915475908895957 0.0003998157107187843 147.49996913308792 0 0.063096100624951 0.00039982423336424575 148.3332979066114 0 0.0573151011886868 0.0003998326231452148 149.16662856008892 0 0.05181176724826435 0.000399840880044006 149.99996100103888 0 0.04658610514871288 0.00039984900404321604 150.8332951369732 0 0.041638121111977795 0.00039985699512572545 151.66663087539732 0 0.03696782123690309 0.00039986485327467785 152.4999681238105 0 0.03257521149921634 0.000399872578473514 153.33330678970606 0 0.028460297751511668 0.00039988017070594593 154.16664678057109 0 0.024623085723234878 0.00039988762995596486 154.9999880038871 0 0.021063581020667667 0.0003998949562078391 155.83333036712975 0 0.017781789126913097 0.0003999021494461237 156.66667377776918 0 0.014777715401880378 0.0003999092096556461 157.50001814327027 0 0.012051365082270608 0.0003999161368215185 158.3333633710924 0 0.009602743281563134 0.0003999229309291301 159.16670936868977 0 0.0074318549900013854 0.0003999295919641526 160.0000560435117 0 0.005538705074578898 0.00039993611991253096 160.83340330300263 0 0.003923298279026895 0.00039994251476049966 161.66675105460214 0 0.002585639223800995 0.00039994877649456696 162.50009920574522 0 0.0015257324060687118 0.00039995490510152015 163.33344766386233 0 0.0007435821996970347 0.0003999609005684317 164.16679633637972 0 0.0002391928552404631 0.0003999667628826533 165.00014513071926 0 1.2568499929409304e-5 0.00039997249203181315 165.83349395429875 0 6.371313765868906e-5 0.0003999780880038234 166.66684271453215 0 0.00039263064897644185 0.0003999835507868754 167.50019131882942 0 0.000999324791073341 0.00039998888036943864 168.3335396745971 0 0.0018837991977721162 0.00039999407674027134 169.16688768923783 0 0.003046057379517273 0.00039999913988840376 170.0002352701511 0 0.004486102723365294 0.0004000040698031506 170.833582324733 0 0.006203938492975051 0.00040000886647410507 171.66692876037644 0 0.008199567828598308 0.0004000135298911436 172.50027448447136 0 0.010472993747070935 0.0004000180600444232 173.33361940440489 0 0.013024219141804504 0.0004000224569243847 174.1669634275613 0 0.015853246782777105 0.0004000267205217406 175.00030646132214 0 0.018960079316525554 0.0004000308508274935 175.83364841306673 0 0.022344719266138336 0.00040003484783292427 176.6669891901719 0 0.0260071690312476 0.000400038711529593 177.50032870001226 0 0.029947430888021015 0.0004000424419093435 178.33366684996022 0 0.03416550698915635 0.00040004603896430047 179.16700354738657 0 0.03866139936387509 0.00040004950268686943 180.00033869965998 0 0.04343510991791408 0.00040005283306973437 180.8336722141474 0 0.048486640433521196 0.0004000560301058702 181.6670039982146 0 0.05381599256944981 0.0004000590937885174 182.50033395922566 0 0.05942316786095314 0.000400062024111209 183.33366200454327 0 0.06530816771977811 0.0004000648210677649 184.16698804152918 0 0.07147099343416156 0.0004000674846522699 185.00031197754413 0 0.07791164616882659 0.00040007001485910265 185.83363371994795 0 0.08463012696497725 0.00040007241168292214 186.6669531760996 0 0.09162643674029326 0.00040007467511866273 187.50027025335757 0 0.0989005762889304 0.00040007680516154586 188.3335848590798 0 0.10645254628151324 0.0004000788018070724 189.1668969006239 0 0.11428234726513468 0.00040008066505102925 190.00020628534736 0 0.12238997966335265 0.00040008239488947627 190.83351292060738 0 0.13077544377618686 0.0004000839913187651 191.66681671376142 0 0.13943873978011762 0.00040008545433551865 192.50011757216706 0 0.148379867728085 0.0004000867839366518 193.3334154031822 0 0.15759882754948445 0.00040008798011935344 194.16671011416514 0 0.16709561905016937 0.0004000890428811005 195.000001612475 0 0.17687024191244768 0.00040008997221964253
W FULL_BASELINE | bspline deg 3 cps 10 | 109.94175867939354 | 1708.6341042583447 0 18.23616279179166 0.0039408368140793106 1710.3952550378597 0 18.742014800979685 0.0039394093623157465 1712.1527084965792 0 19.260566313543197 0.003938184581439794 1713.906374252645 0 19.791786374326 0.003937163049347997 1715.6561620041919 0 20.335644045610085 0.003936345246911308 1717.4019815144293 0 20.89210840540369 0.003935731558416518 1719.1437425968693 0 21.46114854509832 0.0039353222718864515 1720.881355100701 0 22.042733566497322 0.003935117579328709 1722.6147288963425 0 22.636832578224922 0.00393511757693504 1724.343773861176 0 23.243414691518016 0.003935322265129699 1726.0683998654822 0 23.862449015406405 0.003935731548591827 1727.7885167585907 0 24.493904651289128 0.0039363452361557225 1729.504034355263 0 25.137750686908024 0.003937163040661207 1731.2148624223234 0 25.793956189728384 0.003938184578685259 1732.920910665549 0 26.46249019972834 0.0039394093702102735 1734.622088716841 0 27.143321721603776 0.003940845074535487 1736.3183067663579 0 27.83641814479254 0.003939414535455932 1738.009477575849 0 28.54174049935395 0.0039381871102264895 1739.6955146384855 0 29.259248241738856 0.003937163376178336 1741.3763315246636 0 29.98890085580905 0.003936343813658579 1743.051841867322 0 30.73065784950848 0.003935728806418875 1744.7219593474706 0 31.484478750921287 0.003935318641988742 1746.38659767993 0 32.250323103720525 0.003935113511909556 1748.0456705993222 0 33.02815046202035 0.003935113511913536 1749.6990918462961 0 33.81792038463201 0.003935318641990704 1751.3467751540363 0 34.6195924287344 0.003935728806418276 1752.9886342350385 0 35.43312614296651 0.003936343813654785 1754.6245827681835 0 36.2584810599446 0.003937163376179103 1756.2545343861289 0 37.09561668821709 0.003938187110222083 1757.8784026630155 0 37.94449250365773 0.003939414535455095 1759.4961011025202 0 38.80506794030919 0.003940845074530668 1761.1075439443887 0 39.67730087406843 0.003939414535450927 1762.712648675009 0 40.561143130616244 0.003938187110223653 1764.3113336722106 0 41.456545060862396 0.003937163376178508 1765.9035173876364 0 42.363457051307435 0.003936343813654146 1767.4891183325062 0 43.28182951914808 0.003935728806416311 1769.0680550636512 0 44.21161290679394 0.003935318641988515 1770.6402461698372 0 45.15275767580621 0.0039351135119147194 1772.2056102583829 0 46.105214300262254 0.003935113511910331 1773.764065942096 0 47.06893325956133 0.003935318641993364 1775.3155318265344 0 48.04386503067318 0.0039357288064188305 1776.8599264976149 0 49.029960079843406 0.0039363438136569085 1778.397168509566 0 50.0271688537584 0.00393716337618029 1779.9271763732602 0 51.035441770185024 0.0039381871102257 1781.4498685449269 0 52.054729208087004 0.003939414535457134 1782.9651634152594 0 53.08498149723145 0.00394083683820068 1784.4729802818479 0 54.12614748794119 0.003939409370213133 1785.9732423197427 0 55.17817037190818 0.003938184578685349 1787.465873741331 0 56.24099198264952 0.003937163040661565 1788.9507988292414 0 57.31455419573613 0.003936345236153339 1790.4279419227578 0 58.398798922411295 0.003935731548595607 1791.8972274045607 0 59.493668102654524 0.003935322265132813 1793.3585796878222 0 60.59910369769929 0.003935117576936686 1794.8119232036554 0 61.71504768201842 0.003935117579333808 1796.2571823889393 0 62.84144203478212 0.003935322271887759 1797.6942816745263 0 63.97822873080308 0.003935731558416868 1799.1231454738477 0 65.12534973097529 0.003936345246913561 1800.5436981719345 0 66.28274697221751 0.003937163049341071 1801.9558641148576 0 67.45036235693364 0.003938184581438513 1803.3595675996053 0 68.628137741994 0.00393940936230915 1804.7547328644116 0 69.81601492725532 0.003940836814076458
W FULL_BASELINE | arc R406 | 85.03244115716392 | 1625.0002500505657 0 3.76195810770541 0.0024630541871921183 1626.4141432732547 0 3.8588115834465864 0.0024630541871921183 1627.8276898003003 0 3.9605998775019136 0.0024630541871921183 1629.240872408084 0 4.0673217496133285 0.002463054187192118 1630.6536738774219 0 4.178975899408299 0.0024630541871921183 1632.0660769937735 0 4.2955609664164225 0.0024630541871921183 1633.478064547453 0 4.4170755300854125 0.0024630541871921183 1634.8896193338373 0 4.543518109798638 0.002463054187192118 1636.3007241535772 0 4.67488716489306 0.0024630541871921183 1637.7113618128053 0 4.811181094678374 0.0024630541871921183 1639.1215151233475 0 4.952398238455946 0.0024630541871921183 1640.5311669029304 0 5.098536875539461 0.0024630541871921183 1641.9402999753916 0 5.249595225275794 0.0024630541871921183 1643.3488971708898 0 5.405571447066604 0.0024630541871921183 1644.7569413261126 0 5.566463640390873 0.002463054187192118 1646.1644152844858 0 5.732269844827886 0.0024630541871921183 1647.5713018963843 0 5.902988040081436 0.0024630541871921183 1648.9775840193379 0 6.0786161460043004 0.0024630541871921183 1650.3832445182434 0 6.259152022623171 0.0024630541871921187 1651.7882662655707 0 6.444593470165739 0.0024630541871921183 1653.1926321415733 0 6.634938229086174 0.002463054187192118 1654.5963250344964 0 6.830183980093718 0.0024630541871921183 1655.9993278407849 0 7.030328344180548 0.0024630541871921183 1657.4016234652927 0 7.235368882650861 0.002463054187192118 1658.8031948214896 0 7.445303097150246 0.0024630541871921183 1660.2040248316714 0 7.660128429696544 0.0024630541871921183 1661.604096427166 0 7.87984226271099 0.0024630541871921183 1663.0033925485436 0 8.104441919049798 0.0024630541871921183 1664.401896145822 0 8.333924662037084 0.0024630541871921183 1665.7995901786762 0 8.568287695497945 0.0024630541871921183 1667.1964576166456 0 8.80752816379282 0.0024630541871921183 1668.5924814393413 0 9.05164315185214 0.0024630541871921183 1669.9876446366536 0 9.300629685211836 0.0024630541871921183 1671.3819302089596 0 9.554484730049495 0.0024630541871921183 1672.775321167329 0 9.813205193221597 0.002463054187192118 1674.1678005337328 0 10.076787922300767 0.0024630541871921183 1675.5593513412493 0 10.345229705614855 0.0024630541871921183 1676.9499566342715 0 10.618527272285295 0.0024630541871921183 1678.3395994687128 0 10.89667729226762 0.0024630541871921183 1679.7282629122133 0 11.179676376391502 0.0024630541871921183 1681.115930044347 0 11.467521076402365 0.0024630541871921183 1682.5025839568286 0 11.760207885003593 0.002463054187192118 1683.888207753717 0 12.057733235898539 0.0024630541871921183 1685.2727845516245 0 12.360093503834936 0.0024630541871921174 1686.6562974799185 0 12.667285004648088 0.002463054187192118 1688.0387296809317 0 12.979303995306612 0.0024630541871921183 1689.4200643101635 0 13.29614667395762 0.0024630541871921183 1690.8002845364872 0 13.617809179973072 0.0024630541871921183 1692.179373542355 0 13.944287593996796 0.002463054187192118 1693.557314524003 0 14.275577937992335 0.002463054187192118 1694.9340906916548 0 14.611676175291354 0.0024630541871921183 1696.3096852697272 0 14.952578210642997 0.0024630541871921183 1697.6840814970349 0 15.2982798902635 0.0024630541871921183 1699.057262626993 0 15.648777001886993 0.0024630541871921183 1700.4292119278227 0 16.004065274816792 0.0024630541871921183 1701.7999126827553 0 16.364140379977464 0.002463054187192118 1703.1693481902348 0 16.728997929967292 0.0024630541871921187 1704.5375017641209 0 17.098633479112447 0.0024630541871921183 1705.9043567338945 0 17.473042523520277 0.0024630541871921174 1707.2698964448593 0 17.852220501134553 0.0024630541871921183 1708.6341042583447 0 18.23616279179158 0.0024630541871921183
W FULL_BASELINE | arc R900.00000000001 | 229.47764410474343 | -81.75600553398907 0 31.017960805792 0.0011111111111110988 -78.06086605604523 0 30.03119994966619 0.001111111111111099 -74.3615666307789 0 29.060150769213088 0.0011111111111110988 -70.65817406366659 0 28.10483080056447 0.0011111111111110988 -66.95075523410601 0 27.165257295800437 0.0011111111111110988 -63.23937709420174 0 26.241447222635216 0.0011111111111110988 -59.524106667562414 0 25.333417264112647 0.0011111111111110988 -55.80501104808436 0 24.441183818303735 0.0011111111111110988 -52.082157398745 0 23.56476299801169 0.0011111111111110985 -48.355612950387986 0 22.70417063047958 0.0011111111111110988 -44.62544500050658 0 21.85942225710513 0.0011111111111110988 -40.89172091203383 0 21.030533133160834 0.0011111111111110988 -37.154508112119736 0 20.217518227516717 0.0011111111111110988 -33.41387409091995 0 19.42039222237224 0.0011111111111110988 -29.669886400370686 0 18.63916951298883 0.0011111111111110985 -25.92261265297424 0 17.87386420743131 0.0011111111111110988 -22.17212052057563 0 17.124490126313454 0.0011111111111110985 -18.41847773313826 0 16.39106080254693 0.0011111111111110988 -14.661752077526181 0 15.673589481098649 0.0011111111111110985 -10.902011396273641 0 14.972089118749587 0.0011111111111110988 -7.139323586366292 0 14.286572383863106 0.0011111111111110988 -3.3737565980086757 0 13.617051656154011 0.0011111111111110985 0.3946215665966424 0 12.96353902646652 0.0011111111111110988 4.165742854483179 0 12.326046296554981 0.0011111111111110988 7.939539163144271 0 11.704584978871502 0.0011111111111110985 11.715942341765096 0 11.099166296357321 0.0011111111111110985 15.49488419245601 0 10.50980118224043 0.0011111111111110988 19.2762964714783 0 9.936500279838834 0.0011111111111110985 23.060110890483017 0 9.379273942366595 0.0011111111111110983 26.846259117738136 0 8.838132232748652 0.0011111111111110988 30.63467277936842 0 8.313084923438518 0.0011111111111110988 34.42528346058506 0 7.804141496240979 0.0011111111111110988 38.21802270692324 0 7.3113111421425625 0.0011111111111110988 42.012822025480986 0 6.834602761143449 0.0011111111111110985 45.809612886150305 0 6.374024962098601 0.0011111111111110988 49.60832672286122 0 5.92958606256111 0.0011111111111110988 53.40889493481368 0 5.501294088633091 0.0011111111111110985 57.211248887722746 0 5.089156774819026 0.0011111111111110985 61.015319915052466 0 4.693181563888094 0.0011111111111110985 64.82103931925825 0 4.313375606738279 0.0011111111111110988 68.62833837303002 0 3.949745762267698 0.001111111111111099 72.43714832052767 0 3.6022985972515853 0.0011111111111110988 76.24740037862912 0 3.271040386221724 0.0011111111111110985 80.05902573816608 0 2.9559771113550903 0.0011111111111110988 83.8719555651731 0 2.65711446236494 0.0011111111111110988 87.68612100212412 0 2.374457836398114 0.0011111111111110988 91.50145316918262 0 2.1080123379375593 0.0011111111111110988 95.31788316543958 0 1.857782778710293 0.0011111111111110988 99.13534207016045 0 1.6237736776004708 0.0011111111111110988 102.95376094403204 0 1.405989260567675 0.0011111111111110985 106.77307083040188 0 1.204433460570531 0.0011111111111110985 110.59320275653 0 1.0191099174959861 0.0011111111111110988 114.41408773482806 0 0.8500219780936957 0.0011111111111110988 118.2356567641115 0 0.6971726959146274 0.001111111111111099 122.0578408308402 0 0.5605648312571043 0.0011111111111110988 125.88057091036708 0 0.44020085111629026 0.0011111111111110988 129.703777968187 0 0.3360829291396694 0.0011111111111110988 133.527392961178 0 0.24821294558807772 0.0011111111111110985 137.35134683885437 0 0.17659248730139687 0.0011111111111110988 141.1755705446072 0 0.12122284767035474 0.0011111111111110988 144.99999501695837 0 0.08210502661254448 0.0011111111111110988
W Wrapped_profile | bspline deg 3 cps 15 | 1479.8327868721105 | 1624.5111255768843 0 9.692552368402334 0.0006302056995803107 1599.8861274998387 0 8.311762247257315 0.0006440965618421673 1575.2423156635712 0 7.322306054447783 0.0006576723637409485 1550.5857104716304 0 6.732685897749834 0.0006708748761681864 1525.9227413234732 0 6.5492375808708845 0.0006038932198069267 1501.2596740622116 0 6.730737237485811 0.0004498798680056577 1476.600066855001 0 7.1859065114162535 0.00029641879587841326 1451.9443988913943 0 7.821374112853644 0.0001435079999736284 1427.2911125909113 0 8.544123890813896 9.056034555803883e-6 1402.6378849135276 0 9.268578406397348 3.675232299114077e-5 1377.9840184512163 0 9.970931930620877 2.395173435777878e-5 1353.329741062073 0 10.658721219056543 1.1151879065962186e-5 1328.6752752807188 0 11.339729316745824 1.6470484073812536e-6 1304.0208372025597 0 12.02173888735244 1.4444906972819404e-5 1279.366643825822 0 12.71253191854724 2.724154772163001e-5 1254.7128478602658 0 13.417388936782439 2.055143501595455e-6 1230.0590865989 0 14.123460782605651 3.227352110048305e-5 1205.4047722949458 0 14.809908045895144 6.660572706967994e-5 1180.7493659382883 0 15.45585297212354 0.00010094508903942856 1156.0924313017047 0 16.040410954423642 0.00013529293049634286 1131.4336881701568 0 16.542689322058493 0.0001673777560037074 1106.7731682096894 0 16.948408661290205 0.00014348350976548755 1082.1113634159437 0 17.266856135280992 0.00011957831352786614 1057.448723800397 0 17.512568380000058 9.566912228648517e-5 1032.7855705524962 0 17.70008955606009 6.950390134461708e-5 1008.1221376950305 0 17.846772327467804 2.534871858538619e-5 983.4586169069502 0 17.978035111854112 1.8797695925002104e-5 958.7951605278641 0 18.12073244716409 6.294350800940705e-5 934.1319582138574 0 18.30171821552492 0.00010709581292226602 909.4693247002813 0 18.54784907038337 0.00015125812538236162 884.8077513376072 0 18.88352837452144 0.00010444566618231525 860.1470805512411 0 19.280710066292556 2.7685484828005434e-5 835.4861479996358 0 19.661051073379635 0.0001598447368792976 810.823928370259 0 19.944164769833268 0.0002920263967897783 786.1603524931718 0 20.052732058312625 0.00031553981014426953 761.4966533038083 0 19.971523163783306 0.0002424887002437841 736.8338637036287 0 19.74280787393633 0.00016947683372451627 712.172233723754 0 19.41100307821151 9.650868085255759e-5 687.5114632417386 0 19.020127524165204 5.319227999573573e-5 662.8512674455975 0 18.5945511180957 6.478492445811386e-5 638.191783839678 0 18.129572046882696 7.637794361860687e-5 613.5332207307149 0 17.618140938002938 8.797038481770727e-5 588.8758262576958 0 17.053209746152525 9.956099567060152e-5 564.2198899087041 0 16.427905033376476 9.641591578216885e-5 539.5654730351584 0 15.745236665415566 6.462307500456476e-5 514.9121736081503 0 15.023273437434348 3.2832464241215653e-5 490.25946591775335 0 14.281346654831612 1.044236539155212e-6 465.606777325151 0 13.538784863981464 3.07424237700041e-5 440.9535337185046 0 12.814915615256503 6.25283630450803e-5 416.29920546221274 0 12.129048875808417 8.556607475468092e-5 391.64358373936807 0 11.491351010758896 5.65921022591536e-5 366.98709436736175 0 10.888067631612927 2.7619727504208183e-5 342.3301989611434 0 10.30158055798334 1.3535818689256e-6 317.6733231563831 0 9.714270114860982 3.033103577790062e-5 293.01689442876216 0 9.108514151436552 5.931581249513648e-5 268.3613799271756 0 8.46668708600247 8.831034869830684e-5 243.70697270557898 0 7.783546184234272 2.933914753322339e-5 219.05208059980825 0 7.118263411777658 0.00016110079138345666 194.39476026340333 0 6.550962342343894 0.00029311931270209826 169.7340205507929 0 6.161949822536437 0.0004254372535325061 145.07061013714718 0 6.031728253973557 0.0005579478183017347
W Wrapped_profile | bspline deg 3 cps 6 | 183.7770317170353 | 145.07061013714718 0 6.031728253973557 0.0011180088260737612 142.00780837798305 0 6.061764448238305 0.0011179348380963448 138.94512742358378 0 6.102288038999077 0.001117875286697983 135.8826031746618 0 6.153297992506634 0.001117830176548467 132.82027152707383 0 6.214793287612031 0.0011177995109560239 129.75816837325672 0 6.286772915803526 0.001117783291868327 126.69632960366359 0 6.3692358812162775 0.0011177815198732076 123.63479110819839 0 6.462181200614823 0.0011177941941990048 120.57358877765095 0 6.565607903348382 0.0011178213127145957 117.51275850513014 0 6.679515031278961 0.0011178628719290251 114.45233618749648 0 6.803901638682309 0.0011179188669908787 111.39235772679245 0 6.938766792121683 0.001117989291687305 108.33285903167142 0 7.0841095702944745 0.0011180741384425744 105.27387601882381 0 7.239929063851672 0.0011181733983165458 102.21544461440136 0 7.406224375190174 0.001118287061002505 99.15760075543389 0 7.582994618218226 0.0011184151148248868 96.10038039125222 0 7.770238918093211 0.0011185575467365617 93.04381948490654 0 7.967956410932294 0.001118714342315832 89.98795401457217 0 8.176146243496444 0.0011188854857630565 86.93281997495669 0 8.394807572847057 0.0011190709598969395 83.87845337870212 0 8.623939565975483 0.001119270746150551 80.82489021421205 0 8.863540848540671 0.0011191308853549181 77.77216630392948 0 9.113607846243971 0.0011190032870298761 74.72031741591043 0 9.374136428034332 0.001118887982059669 71.66937930587167 0 9.645122455868188 0.001118784983348213 68.61938771836158 0 9.926561784807522 0.0011186943023972268 65.57037838793302 0 10.218450263092372 0.001118615949308182 62.52238704031539 0 10.520783732188024 0.001118549932784103 59.475449393586345 0 10.833558026806895 0.0011184962601310563 56.42960115934186 0 11.156768974905171 0.001118454937259469 53.38487804386512 0 11.490412397654207 0.0011184259686851052 50.341315749293834 0 11.834484109386725 0.0011184093575299819 47.298949974787675 0 12.188979917517546 0.0011184051055228533 44.25781641768435 0 12.553895622440296 0.0011184132129995225 41.2179507746634 0 12.929227017397803 0.0011184336789029769 38.17938874290265 0 13.314969888327978 0.0011184665007832133 35.14216602123173 0 13.71112001368458 0.0011185116747968226 32.1063183112818 0 14.117673164233068 0.0011185691957063448 29.07188131863162 0 14.534625102821485 0.0011186390568794285 26.038890753948994 0 14.96197158412645 0.0011187212502876732 23.007382334126714 0 15.399708354374503 0.0011188157629666965 19.977391730110988 0 15.847830792220712 0.0011186911429326401 16.948954401474897 0 16.30633283986754 0.0011185809940220562 13.922105746598357 0 16.775208092899454 0.0011184853269953908 10.89688115597481 0 17.25445016093108 0.0011184041512435133 7.873316013645063 0 17.744052667538256 0.001118337474789987 4.8514456986514904 0 18.24400925015826 0.0011182853042929644 1.8313055864849657 0 18.75431355996336 0.0011182476450468293 -1.1870689494820679 0 19.274959261708947 0.0011182245009834376 -4.20364253656157 0 19.805940033553856 0.0011182158746729672 -7.218379801320034 0 20.347249566853666 0.0011182217673245097 -10.231245368152637 0 20.898881565927077 0.0011182421787863045 -13.242203857862712 0 21.460829747795394 0.0011182771075456002 -16.251219886245348 0 22.033087841895064 0.0011183265507281562 -19.258258062677264 0 22.61564958976362 0.001118390504097466 -22.263282988711364 0 23.208508744698673 0.00111846896205354 -25.266259256678154 0 23.81165907139042 0.0011185619176315355 -28.26715144829228 0 24.425094345527295 0.0011186693624997365 -31.26592413326671 0 25.048808353375232 0.0011187912869574706 -34.26254186793273 0 25.68279489133027 0.0011189276799326298 -37.25696919386799 0 26.32704776544473 0.0011190785289787375
W Wrapped_profile | bspline deg 3 cps 10 | 161.88283254726304 | 1777.5146354572855 0 56.57860417572834 0.003970295702209981 1775.2655240564643 0 55.088340032402144 0.0039877573558480105 1773.000508963832 0 53.62236059109063 0.0040058993465784285 1770.7197818423808 0 52.18094718989318 0.004024704125675117 1768.4235372643377 0 50.76438470890393 0.004044153239222076 1766.1119729950067 0 49.37296147666963 0.004064227266687092 1763.7852902778404 0 48.00696916168765 0.004084905759145117 1761.4436941203396 0 46.666702648316225 0.004106167177532319 1759.087393620439 0 45.35245980724803 0.004121601282879883 1756.7166471862615 0 44.06445815633835 0.0040870419259485735 1754.33184195606 0 42.80267680543311 0.004053098443379273 1751.9333810487349 0 41.56704954497212 0.004019804676859319 1749.5216599121648 0 40.357507513091484 0.003987192395014339 1747.0970663498622 0 39.17397966353155 0.003955291412525691 1744.6599805676942 0 38.01639321784702 0.003924129711294972 1742.2107752391655 0 36.884674102018735 0.0038937335627506073 1739.7498154973487 0 35.77874865281908 0.003884061411883801 1737.277382317681 0 34.698719658737495 0.003943861460004358 1734.793597509111 0 33.64505996367756 0.00400362687765213 1732.2985767484233 0 32.618291129886835 0.004063275645868512 1729.7924503433703 0 31.618936221356766 0.004122720576026866 1727.2753637014098 0 30.647518977192632 0.004181869353916931 1724.747477775012 0 29.70456292546693 0.0042406246268293524 1722.2089694787212 0 28.790590437802646 0.004298884137586586 1719.6600347615936 0 27.90611431234029 0.004276934204935437 1717.1011018950287 0 27.05099210618577 0.004055539430517956 1714.5329639714926 0 26.22391992852958 0.003834160199756486 1711.95640606478 0 25.42345793944651 0.00361312426267141 1709.372165800428 0 24.64815071464393 0.0033926931593241004 1706.780935350948 0 23.89653088178088 0.0031730663915760806 1704.1833636714202 0 23.16712220838091 0.002954385848692246 1701.5800589246815 0 22.45844216806102 0.0027367403411574093 1698.9715910603447 0 21.769004018112557 0.0025201701265124086 1696.358452394035 0 21.097484469634693 0.002489859230399803 1693.7408614290134 0 20.44353524425204 0.002487119160223112 1691.1189411550286 0 19.807165963192112 0.0024849730750436537 1688.4928132469233 0 19.188390080393702 0.002483419286912396 1685.862598298308 0 18.58722438766911 0.002482456490671102 1683.228415930053 0 18.00368903378965 0.0024820837628112807 1680.5903848981495 0 17.43780754433575 0.0024823005604703075 1677.9486232011104 0 16.889606842353146 0.002483106720531068 1675.3032481920116 0 16.359117270825248 0.0024845024588298383 1672.6543777879165 0 15.846373445040106 0.002487543721072817 1670.0021260589417 0 15.351419036750283 0.0024911554990535182 1667.346607525582 0 14.87430207450271 0.0024947012265680866 1664.6879377584953 0 14.415069546021154 0.0024981789606764357 1662.0262330646663 0 13.973767230797934 0.0025015867509474514 1659.3616104728267 0 13.550439676200655 0.0025049226408476906 1656.6941877182442 0 13.145130173678826 0.00250818466914526 1654.0240832268876 0 12.757880735093558 0.0025113708713655676 1651.3514160989455 0 12.388732069192265 0.0025144792812861255 1648.676305947144 0 12.037723123715255 0.0025144747703030926 1645.9988762435726 0 11.704867373565538 0.0025085687797454293 1643.319255030922 0 11.390140726705662 0.0025029082520544583 1640.6375695951403 0 11.093516645799816 0.0024974946028069266 1637.9539463010092 0 10.814969460773348 0.0024923292107990633 1635.268510634295 0 10.554474394415315 0.002487413422040091 1632.5813872442009 0 10.312007586932644 0.00248274855362467 1629.8926999861135 0 10.087546119485001 0.0024783358974464305 1627.2025719646356 0 9.881068036729637 0.002474176723793584 1624.5111255768843 0 9.692552368402334 0.002470272284803227
F Topsheet | 1795.0512206579835 65.85075939452322 1795.0408804783804 65.86383067845219 1795.0305402987772 65.87690196238117 1795.020200119174 65.88997324631013 1795.009859939571 65.90304453023911 1794.9995197599678 65.91611581416808 1794.9891795803646 65.92918709809705 1794.9788394007612 65.94225838202601 1794.968499221158 65.95532966595498 1794.9581590415548 65.96840094988394 1794.9478188619519 65.98147223381292 1794.9374786823487 65.99454351774189 1794.9271385027455 66.00761480167085 1794.9167983231423 66.02068608559983 1794.9064581435389 66.0337573695288 1794.8961179639357 66.04682865345777 1794.8857777843327 66.05989993738675 1794.8754376047295 66.07297122131571 1794.8650974251264 66.08604250524468 1794.8547572455232 66.09911378917364 1794.84441706592 66.11218507310261 1794.8340768863168 66.12525635703157 1794.8237367067136 66.13832764096055 1794.8133965271104 66.15139892488952 1794.8030563475072 66.1644702088185
F Topsheet | 5.916646732786865 15.187778107776627 6.021102287456754 15.172849914874298 6.126113053176854 15.162527467121857 6.231476048989312 15.156830717333838 6.336987613091786 15.155770677064345 6.442443796506294 15.159349395322238 6.54764075730316 15.16755995461049 6.652375154618058 15.180386484297381 6.756444541700491 15.197804191293717 6.859647757234017 15.219779407976693 6.9617853141717765 15.24626965726789 7.062659785335727 15.27722373473947 7.16207618503427 15.312581807589996 7.259842345960571 15.352275530298455 7.355769290643091 15.396228176732997 7.449671596730307 15.444354788459012 7.54136775540354 15.496562338959839 7.63068052222513 15.552749913452745 7.717437259743731 15.612808903952523 7.801470271194529 15.676623219205709 7.882617124649349 15.744069509089623 7.96072096699006 15.81501740304245 8.035630827098394 15.889329762063497 8.107201907676169 15.966862943796567 8.175295865131744 16.04746708018399
F Topsheet | 5.981928411505556 15.58241503258685 6.068974707063796 15.56997487183491 6.156483678497213 15.56137283204121 6.244286175007594 15.556625540551192 6.3322124784263245 15.555742173659949 6.420092631271746 15.55872443887486 6.507756765269135 15.565566571615067 6.595035429698216 15.576255346354145 6.681759918933577 15.590770102184422 6.76776259854485 15.609082782753571 6.852877229326315 15.631157990496233 6.936939288629609 15.656953055055888 7.019786288378393 15.686418115764658 7.101258089150311 15.719496218021705 7.1811972097190795 15.756123423383825 7.259449131458425 15.796228933155502 7.335862597019453 15.83973522523953 7.410289902704111 15.886558203983617 7.482587183969611 15.936607362733428 7.552614693511943 15.989785958777752 7.620237071390961 16.045991200347682 7.685323606674886 16.10511444530837 7.747748490098499 16.167041411159243 7.807391057246644 16.2316523959368 7.864136021792957 16.298822509592984
F Topsheet | 1759.1012806884692 42.12607313898921 1760.6773957206492 42.98904705887416 1762.2472892156625 43.86328786575485 1763.8108788061231 44.74875393421745 1765.368081709849 45.64540418253982 1766.9188151368783 46.553197323012576 1768.4629991687482 47.47208699154614 1770.0005541785413 48.40202631113706 1771.5314033001343 49.3429638916255 1773.0554712405428 50.29484596738699 1774.5726820948623 51.257619982916374 1776.0829600299712 52.23123343142395 1777.5862292703687 53.21563385036827 1779.0824140811098 54.21076882122612 1780.5714387578435 55.21658595818214 1782.0532276142064 56.23303290096255 1783.5277049693984 57.26005730738638 1784.994795136083 58.29760684540598 1786.4544224086333 59.345629184637005 1787.906511051751 60.40407198740172 1789.350985289448 61.47288289927941 1790.7877692944123 62.55200953917853 1792.2167871777797 63.641399488943094 1793.6379629793087 64.74100028249481 1795.0512206579835 65.85075939452322
F Topsheet | 1758.9104357761207 42.47761007791673 1760.4840378358083 43.339208062371156 1762.051428277867 44.21205497006054 1763.6125248633166 45.09610924708186 1765.1672449378632 45.99132988415289 1766.715505838913 46.89767566691531 1768.2572277748463 47.81510030553017 1769.792331245054 48.74355699815051 1771.3207395092206 49.682994430617256 1772.8423773995753 50.63335891427131 1774.3571691358802 51.59459797146394 1775.8650390091125 52.5666591741576 1777.3659113673039 53.54949013945392 1778.8597105984668 54.543038529353566 1780.3463611206269 55.54725203944457 1781.825787369216 56.562078391728 1783.2979137846353 57.58746532716519 1784.7626648001515 58.62336059771168 1786.2199648301469 59.66971195784811 1787.6697382587136 60.7264671556148 1789.1119094286414 61.79357392316037 1790.5464026307736 62.870979966813955 1791.9731420937692 63.958632956684944 1793.3920519742742 65.05648051580579 1794.8030563475072 66.1644702088185
F Topsheet | 10.263364410094962 16.951011925849194 10.172296782994664 16.963620381227795 10.080764571031175 16.972230841481664 9.98894320649933 16.97682680364677 9.897008675889023 16.97739945901881 9.805137182586291 16.973947710036125 9.713504809158742 16.966478172383315 9.622287179872485 16.955005162311508 9.531659124087508 16.93955066919954 9.441794341176545 16.920144313408752 9.352865067609727 16.896823289512046 9.265041746843027 16.869632295006102 9.178492702643263 16.83862344464334 9.093383816475706 16.803856170547853 9.00987820957267 16.765397108306704 8.928135930292393 16.723319969254977 8.848313647367474 16.677705399199272 8.77056434963072 16.628640823850514 8.695037052793992 16.57622028126223 8.621876513841999 16.52054424159554 8.551222953588425 16.461719414556207 8.483211787926193 16.39985854487288 8.417973368286898 16.33508019620853 8.355632731806908 16.267508523919158 8.296309361678915 16.1972730370954
F Topsheet | 10.326881718835422 17.345936667401773 10.218467877049353 17.360946733328674 10.109500958045198 17.371197281249948 10.000189809793003 17.376668664779835 9.890743940018826 17.3773503973656 9.781373114658432 17.373241172386212 9.67228695581611 17.36434886565668 9.563694539999139 17.350690520333096 9.455803997397974 17.332292314247418 9.348822112980162 17.309189509734576 9.242953930162521 17.28142638604802 9.138402357821212 17.249056154493328 9.035367781392921 17.21214085644242 8.934047678812496 17.170751244423982 8.83463624202317 17.124966646517855 8.737324004784744 17.074874814313414 8.642297477493173 17.020571754723292 8.549738789711322 16.96216154597477 8.45982534109617 16.899756138131576 8.372729461391417 16.833475138528375 8.288618080137164 16.763445582529165 8.207652406729743 16.68980169004902 8.129987621444869 16.612684608305745 8.055772578016311 16.53224214129458 7.985149518340128 16.4486284665044
F Topsheet | 8.1752958651318 16.047467080184052 8.180338094154596 16.05370899505536 8.185380323177391 16.059950909926666 8.190422552200186 16.06619282479797 8.195464781222983 16.072434739669276 8.200507010245781 16.078676654540583 8.205549239268576 16.08491856941189 8.210591468291371 16.091160484283193 8.215633697314168 16.0974023991545 8.220675926336964 16.10364431402581 8.22571815535976 16.109886228897114 8.230760384382558 16.11612814376842 8.235802613405353 16.122370058639724 8.240844842428148 16.12861197351103 8.245887071450944 16.134853888382338 8.250929300473738 16.14109580325364 8.255971529496536 16.14733771812495 8.261013758519333 16.153579632996255 8.266055987542128 16.159821547867562 8.271098216564924 16.16606346273887 8.276140445587721 16.172305377610172 8.281182674610518 16.178547292481483 8.286224903633313 16.184789207352786 8.291267132656108 16.19103112222409 8.296309361678906 16.197273037095396
F Topsheet | 7.864136021793015 16.29882250959305 7.86917825081581 16.305064424464362 7.874220479838607 16.311306339335665 7.879262708861401 16.31754825420697 7.884304937884199 16.323790169078276 7.889347166906995 16.330032083949586 7.894389395929791 16.33627399882089 7.899431624952588 16.342515913692196 7.904473853975384 16.3487578285635 7.90951608299818 16.35499974343481 7.914558312020976 16.361241658306113 7.9196005410437715 16.36748357317742 7.924642770066568 16.373725488048724 7.929684999089364 16.379967402920034 7.93472722811216 16.386209317791337 7.939769457134956 16.392451232662644 7.944811686157752 16.398693147533947 7.949853915180549 16.404935062405258 7.954896144203345 16.41117697727656 7.959938373226141 16.417418892147868 7.964980602248937 16.423660807019175 7.9700228312717325 16.429902721890482 7.97506506029453 16.436144636761785 7.980107289317325 16.442386551633092 7.985149518340121 16.4486284665044
F Topsheet | -18.265064374477834 19.936476460547524 -18.268235220837383 19.92011420180548 -18.271406067196928 19.90375194306343 -18.274576913556476 19.887389684321384 -18.27774775991602 19.871027425579335 -18.28091860627557 19.854665166837286 -18.28408945263512 19.83830290809524 -18.287260298994667 19.82194064935319 -18.290431145354212 19.805578390611146 -18.29360199171376 19.789216131869097 -18.296772838073306 19.77285387312705 -18.299943684432854 19.756491614385002 -18.3031145307924 19.740129355642956 -18.306285377151948 19.723767096900907 -18.309456223511493 19.70740483815886 -18.31262706987104 19.691042579416813 -18.315797916230586 19.674680320674764 -18.318968762590135 19.658318061932718 -18.32213960894968 19.64195580319067 -18.32531045530923 19.625593544448623 -18.328481301668774 19.609231285706574 -18.331652148028322 19.592869026964525 -18.33482299438787 19.57650676822248 -18.337993840747416 19.56014450948043 -18.341164687106964 19.543782250738385
F Topsheet | -18.341164687106836 19.54378225073816 -17.33286833571196 19.348983102639437 -16.324349599814852 19.155338583791483 -15.315609801613949 18.96284894806799 -14.30665026359751 18.771514447828764 -13.297472308543002 18.581335333919256 -12.288077259512809 18.392311855669917 -11.278466439855334 18.204444260896402 -10.268641173200448 18.0177327958988 -9.258602783460217 17.83217770546164 -8.248352594826175 17.647779232853324 -7.237891931766799 17.464537619825805 -6.227222119026377 17.28245310661447 -5.2163444816246685 17.101525931937477 -4.205260344852357 16.921756332996086 -3.193971034272325 16.743144545473765 -2.182477875714933 16.56569080353576 -1.1707821952793573 16.389395339829637 -0.15888531932869987 16.21425838548385 0.8532114255085654 16.040280170108502 1.8655067123435065 15.867460921794251 2.8779992140257615 15.69580086711242 3.89068760314637 15.525300231114535 4.903570552040354 15.35595923733224 5.916646732787689 15.187778107776605
F Topsheet | -18.26506437447731 19.936476460547304 -17.257217708708193 19.74176419005824 -16.24914875761638 19.54820603387175 -15.240858842811761 19.355802245748734 -14.232349286192353 19.164553077935963 -13.223621409945762 18.974458781167435 -12.214676536544234 18.785519604662237 -11.205515988746056 18.59773579612556 -10.196141089590688 18.411107601747577 -9.186553162400218 18.22563526620369 -8.176753530774405 18.041319032653604 -7.166743518592172 17.858159142741805 -6.156524450006668 17.67615583659621 -5.146097649446707 17.495309352828837 -4.135464441612196 17.315619928535032 -3.124626151473797 17.137087799292907 -2.113584104272065 16.959713199163673 -1.1023396255131768 16.783496360690652 -0.0908940409703185 16.60843751489982 0.9207513233212838 16.434536891298368 1.9325951410629483 16.26179471787559 2.9446360856973386 16.090211221101434 3.9568728304070766 15.919786625927301 4.969304048119766 15.750521155785012 5.981928411506354 15.582415032586727
F Topsheet | 145.07018777168983 5.6317284769643425 206.72450418126965 6.417259543938754 268.3631692193259 8.066589599078323 330.00462482894363 9.609085208596431 391.6475803332483 11.091325665637243 453.28536099237505 12.773282869417322 514.9183792469545 14.623280678185383 576.5549667593792 16.34853650019911 638.2001974955816 17.729660211971197 699.8512912561303 18.82041498883155 761.5072739057246 19.571584407157633 823.1669586546717 19.419623360733357 884.8205837849046 18.483284088672583 946.4774479964706 17.804648566969718 1008.1371776828421 17.446684359003346 1069.7962686084477 16.997715170763733 1131.4509340685458 16.142303781185873 1193.09558174959 14.738629452069313 1254.732295466161 13.016664374226014 1316.3685913732684 11.279401402048476 1378.0056738765168 9.570164183290943 1439.6403590742807 7.7767967949770185 1501.2835233063981 6.330377836032366 1562.9401752305732 6.577479693865521 1624.5371945689287 9.293402383574977
F Topsheet | 145.07061013714718 6.031728253973557 206.72381742312507 6.817350748596306 268.3613799271756 8.46668708600247 330.00173237774413 10.00912957130362 391.64358373936807 11.491351010758896 453.2802595942257 13.173305686828359 514.9121736081503 15.023273437434348 576.5476571746518 16.748479724318845 638.1917838396778 18.129572046882693 699.8417730248051 19.220314176137617 761.4966533038083 19.971523163783306 823.155235235558 19.81978654761309 884.8077513376072 18.88352837452144 946.4635119020584 18.20476082683896 1008.1221376950307 17.846772327467807 1069.7801251603264 17.397895385673745 1131.4336881701568 16.542689322058493 1193.0772359181094 15.13924839897381 1254.7128478602658 13.417388936782439 1316.348039322836 11.680122524505732 1377.9840184512161 9.97093193062088 1439.6176059444344 8.17764106820298 1501.2596740622116 6.730737237485811 1562.915220040757 6.976996998522592 1624.5111255768843 9.692552368402334
F Topsheet | 10.263364410137005 16.951011925842437 15.836668634156164 16.0726578162994 21.415402718413002 15.229478210352577 26.99934548626561 14.42151224514295 32.588274519728444 13.64879103133075 38.18196681198122 12.911341141367714 43.78019940904848 12.209189006610686 49.38274939238558 11.542360969063163 54.98939384495645 10.910883286623537 60.599909805238674 10.314782138223288 66.2140743021341 9.754083619333636 71.83166429871565 9.228813746994302 77.4524566610602 8.738998460540698 83.07622813243918 8.284663620682801 88.70275516485188 7.865832804231719 94.33181318754453 7.482516205646999 99.96317743033437 7.134719103130239 105.59662327273142 6.822446887287673 111.23192627158703 6.545705073130215 116.86886211559631 6.304499307174786 122.50720658270768 6.098835372797528 128.1467355041527 5.928719193874156 133.78722474866865 5.7941568367240555 139.42845019353032 5.695154511733321 145.07018769149482 5.63171856957359
F Topsheet | 10.326881718835427 17.345936667401773 15.897577872405165 16.467993216211802 21.473701241910547 15.625207078237409 27.055030756800694 14.817617374417718 32.6413441188944 14.045255198615646 38.232418433684344 13.308147108119405 43.82803085595492 12.606319520154493 49.42795857243813 11.939798763521893 55.031978777452764 11.308611082686413 60.63986864840752 10.712782640891353 66.25140532120854 10.152339522294929 71.86636586557077 9.62730773312851 77.484527260263 9.13771320187308 83.10566636831321 8.683581778451082 88.72955975225386 8.264937032564301 94.35598294838098 7.881789154510715 99.9847112924402 7.534143415706268 105.61552030252727 7.222005198630834 111.24818564995122 6.9453800125195855 116.88248312922943 6.704273499084663 122.51818862800238 6.4986914371771665 128.15507809683712 6.328639746392396 133.79292751895252 6.194124489617132 139.4315128798895 6.095151874518485 145.07061013714718 6.031728253973557
F Topsheet | 1624.5371945585416 9.293402382908024 1630.1452707843353 9.706560263049864 1635.7470490339927 10.197768834369338 1641.3414128558838 10.76723152947938 1646.9272306640735 11.415169366330478 1652.5033559587216 12.141806191318626 1658.0686683021904 12.94708195408163 1663.622089784212 13.83064074748832 1669.1625730522403 14.792094238834595 1674.6890375345595 15.831022561986794 1680.2004561728234 16.94701657761749 1685.6957745510324 18.139765464265505 1691.1739237900504 19.40903699801383 1696.633818973591 20.75466246499537 1702.0742156471902 22.177054083944473 1707.4918369441318 23.684050842315497 1712.8812067210586 25.2888693523798 1718.23621675017 27.004762709789674 1723.5500339486448 28.84417603996371 1728.8183119184055 30.81023348571162 1734.0393802712683 32.89845987092017 1739.2119367235425 35.104138761147084 1744.334779182391 37.422959479960426 1749.4053686914833 39.85391912354831 1754.420325507038 42.39766548324746
F Topsheet | 1624.5111255768843 9.692552368402334 1630.1122945507227 10.105199492248245 1635.7071759329576 10.595782416211955 1641.2946549449002 11.164504533527369 1646.8736017755875 11.811586825128106 1652.4428714917547 12.537253156296188 1658.001345291496 13.341444080981628 1663.5479474873482 14.223804262260346 1669.081616311916 15.183942934559443 1674.6013034416565 16.221446009980337 1680.1059716294237 17.335902848272084 1685.5945664418296 18.527002543052355 1691.066020698427 19.794513114202093 1696.5192512631447 21.138266053943486 1701.9530186975578 22.55866599782625 1707.3639922709008 24.063499420875193 1712.7468218985996 25.666012561333815 1718.0953487163283 27.37945164825456 1723.4027395463386 29.21628433114632 1728.664633499739 31.179672604196796 1733.8793569196844 33.2651397805549 1739.045609235366 35.46796507029047 1744.1621915434982 37.783833235662506 1749.2265670587674 40.21173802798931 1754.235356486337 42.75232935423078
F Topsheet | 1756.6435898824416 42.22605856736088 1756.7349643068035 42.16924523923008 1756.8287929127873 42.116584683959395 1756.9248874461498 42.068182517848214 1757.0230549299843 42.02413594667493 1757.1230978202623 41.98453360457101 1757.2248150995404 41.94945504955739 1757.3280025923177 41.918970703930015 1757.432453355725 41.89314176467286 1757.537956289257 41.87202044132357 1757.644299715056 41.8556490630576 1757.75127016109 41.84406049070726 1757.8586523165109 41.837278044070366 1757.966230400838 41.83531532845975 1758.0737883797276 41.83817627714709 1758.181111155604 41.8458552459239 1758.287981211338 41.85833669967062 1758.3941842483239 41.87559554946911 1758.499507068698 41.897597139254714 1758.603737779289 41.92429719871742 1758.7066668602906 41.95564203277911 1758.8080875453065 41.99156865606349 1758.9077962169001 42.03200494580292 1759.0055935488435 42.07687017665322 1759.1012806884698 42.12607313898954
F Topsheet | 1756.8623600196772 42.56093126059194 1756.9385053756796 42.51358681727 1757.0166958833825 42.46970301847754 1757.096774664243 42.4293678778858 1757.1785809041423 42.39266240036627 1757.261949983016 42.35966044774455 1757.3467143862695 42.3304283183769 1757.4327039674956 42.30502469717418 1757.519746274249 42.28350058150453 1757.6076653894215 42.26589947928732 1757.6962849147865 42.252256664805806 1757.7854269569725 42.24259952205672 1757.874912090268 42.23694748417428 1757.9645604976024 42.23531188889142 1758.0541921503575 42.237696013908455 1758.143627800566 42.24409515569671 1758.2326861839354 42.254496368302846 1758.3211887183272 42.26887874428595 1758.4089577388545 42.28721340358832 1758.4958166678807 42.309463454289876 1758.581590905571 42.33558415050576 1758.6661081465897 42.36552300445107 1758.749198709729 42.399219913859724 1758.830696489772 42.436607607665245 1758.910435776121 42.477610077916964
F Topsheet | 1756.5399562954142 42.29376167848995 1756.4612568637933 42.34273199145861 1756.3804734780338 42.38818156815447 1756.2977632466743 42.43002205214689 1756.2132871601532 42.46817200037879 1756.1272099748658 42.50255700721729 1756.039699368998 42.533110102486226 1755.9509256248355 42.55977182915294 1755.8610613170288 42.582490310732865 1755.770282363975 42.60122106121326 1755.6787654992052 42.61592765223303 1755.5866887539016 42.62658148489654 1755.494231633582 42.63316178983938 1755.4015743421212 42.63565575536073 1755.3088972627893 42.63405853621516 1755.2163806905817 42.628373223614254 1755.1242044864027 42.618610811423196 1755.032549592419 42.604790469705584 1754.9415937134695 42.586939034434856 1754.8515142680217 42.56509132399329 1754.7624868136993 42.53928993494996 1754.6746847344714 42.509585134551564 1754.5882789283985 42.47603474303724 1754.5034368306538 42.4387036937798 1754.4203255070377 42.3976654832471
F Topsheet | 1756.7587265128864 42.62863432213477 1756.6650367127547 42.68693231663158 1756.568866014649 42.74103895828187 1756.4704014525737 42.79084906088378 1756.3698346818226 42.836265668407655 1756.2673618409697 42.87720020271133 1756.1631825469128 42.9135729373878 1756.0574995166694 42.945313090247666 1755.950518196261 42.97235890356497 1755.842448012363 42.99465741779558 1755.7334993620466 43.01216526583742 1755.6238841872064 43.02484840138228 1755.5138161849 43.03268209899235 1755.403509883559 43.03565110663987 1755.2931800251852 43.03374965617338 1755.1830412466884 43.026981427605165 1755.073307668206 43.01535950886848 1754.9641946970899 42.99890672146771 1754.8559138867329 42.97765501299136 1754.7486764496068 42.951645833894915 1754.6426913828952 42.920929894381516 1754.5381650960962 42.88556703641437 1754.4353010392927 42.845626093614285 1754.3342985400834 42.801184367619925 1754.2353564863367 42.75232935423075
F Topsheet | 1756.5393344521817 42.29416792440577 1756.5437043353818 42.29131310970411 1756.5480742185812 42.288458295001895 1756.5524441017817 42.28560348030003 1756.556813984981 42.28274866559818 1756.5611838681814 42.2798938508959 1756.5655537513808 42.27703903619392 1756.569923634581 42.274184221491836 1756.574293517781 42.27132940678978 1756.5786634009798 42.268474592087905 1756.5830332841806 42.265619777385396 1756.5874031673795 42.26276496268356 1756.5917730505796 42.25991014798103 1756.596142933779 42.257055333278764 1756.6005128169793 42.254200518576845 1756.6048827001791 42.251345703874094 1756.6092525833778 42.24849088917221 1756.6136224665781 42.2456360744696 1756.6179923497768 42.24278125976737 1756.6223622329767 42.23992644506476 1756.6267321161765 42.23707163036218 1756.6311019993757 42.23421681566028 1756.6354718825758 42.231362000957205 1756.6398417657751 42.2285071862547 1756.6442116489748 42.2256523715524
F Topsheet | 1756.7587265129343 42.62863432215213 1756.7630445757163 42.625813361254565 1756.7673626384983 42.622992400357006 1756.7716807012803 42.62017143945943 1756.7759987640623 42.61735047856187 1756.7803168268442 42.6145295176643 1756.7846348896264 42.611708556766736 1756.7889529524084 42.60888759586917 1756.7932710151904 42.606066634971604 1756.7975890779724 42.60324567407404 1756.8019071407543 42.600424713176466 1756.8062252035365 42.59760375227891 1756.8105432663185 42.594782791381334 1756.8148613291005 42.59196183048377 1756.8191793918827 42.5891408695862 1756.8234974546647 42.58631990868864 1756.8278155174467 42.58349894779107 1756.8321335802286 42.580677986893505 1756.8364516430106 42.57785702599594 1756.8407697057926 42.575036065098374 1756.8450877685746 42.5722151042008 1756.8494058313565 42.56939414330324 1756.8537238941387 42.56657318240567 1756.8580419569207 42.5637522215081 1756.8623600197027 42.560931260610545
F Topsheet | 5.916646732786864 15.187778107776627 6.021102287456755 15.172849914874298 6.126113053176854 15.162527467121857 6.231476048989313 15.156830717333838 6.336987613091786 15.155770677064345 6.442443796506293 15.159349395322238 6.547640757303161 15.16755995461049 6.652375154618056 15.180386484297381 6.756444541700491 15.197804191293717 6.859647757234017 15.219779407976693 6.961785314171776 15.24626965726789 7.062659785335727 15.27722373473947 7.162076185034268 15.312581807589996 7.25984234596057 15.352275530298455 7.355769290643091 15.396228176732997 7.449671596730306 15.444354788459012 7.541367755403541 15.49656233895984 7.63068052222513 15.552749913452745 7.71743725974373 15.612808903952523 7.801470271194529 15.676623219205709 7.882617124649351 15.744069509089627 7.96072096699006 15.81501740304245 8.035630827098394 15.889329762063497 8.10720190767617 15.966862943796567 8.175295865131744 16.04746708018399
F Topsheet | 5.981928411505558 15.58241503258685 6.0689747070637985 15.56997487183491 6.1564836784972155 15.56137283204121 6.244286175007597 15.556625540551192 6.332212478426325 15.555742173659949 6.420092631271748 15.55872443887486 6.5077567652691375 15.565566571615067 6.5950354296982185 15.576255346354145 6.6817599189335795 15.590770102184422 6.767762598544851 15.609082782753571 6.8528772293263165 15.631157990496236 6.936939288629609 15.656953055055888 7.019786288378395 15.686418115764658 7.1012580891503125 15.719496218021709 7.18119720971908 15.756123423383825 7.259449131458426 15.796228933155502 7.335862597019454 15.83973522523953 7.410289902704111 15.886558203983617 7.482587183969612 15.936607362733428 7.552614693511944 15.989785958777755 7.620237071390962 16.045991200347686 7.685323606674887 16.10511444530837 7.7477484900985 16.167041411159243 7.807391057246646 16.2316523959368 7.864136021792957 16.298822509592984
F Topsheet | 1759.1012806884692 42.12607313898921 1760.6773957206492 42.98904705887416 1762.2472892156625 43.86328786575485 1763.8108788061231 44.74875393421745 1765.368081709849 45.64540418253982 1766.9188151368783 46.553197323012576 1768.4629991687482 47.47208699154614 1770.0005541785413 48.40202631113706 1771.5314033001343 49.3429638916255 1773.0554712405428 50.29484596738699 1774.5726820948623 51.257619982916374 1776.0829600299712 52.23123343142395 1777.5862292703687 53.21563385036827 1779.0824140811098 54.21076882122612 1780.5714387578435 55.21658595818214 1782.0532276142064 56.23303290096255 1783.5277049693984 57.26005730738638 1784.994795136083 58.29760684540598 1786.4544224086333 59.345629184637005 1787.906511051751 60.40407198740172 1789.350985289448 61.47288289927941 1790.7877692944123 62.55200953917853 1792.2167871777797 63.641399488943094 1793.6379629793087 64.74100028249481 1795.0512206579835 65.85075939452322
F Topsheet | 1758.9104357761207 42.47761007791673 1760.4840378358083 43.339208062371156 1762.051428277867 44.21205497006054 1763.6125248633166 45.09610924708186 1765.1672449378632 45.99132988415289 1766.715505838913 46.89767566691531 1768.2572277748463 47.81510030553017 1769.792331245054 48.74355699815051 1771.3207395092206 49.682994430617256 1772.8423773995753 50.63335891427131 1774.3571691358802 51.59459797146394 1775.8650390091125 52.5666591741576 1777.3659113673039 53.54949013945392 1778.8597105984668 54.543038529353566 1780.3463611206269 55.54725203944457 1781.825787369216 56.562078391728 1783.2979137846353 57.58746532716519 1784.7626648001515 58.62336059771168 1786.2199648301469 59.66971195784811 1787.6697382587136 60.7264671556148 1789.1119094286414 61.79357392316037 1790.5464026307736 62.870979966813955 1791.9731420937692 63.958632956684944 1793.3920519742742 65.05648051580579 1794.8030563475072 66.1644702088185
F Topsheet | 10.263364410094962 16.951011925849194 10.172296782994664 16.963620381227795 10.080764571031175 16.972230841481664 9.98894320649933 16.97682680364677 9.897008675889023 16.97739945901881 9.805137182586293 16.973947710036125 9.713504809158742 16.96647817238332 9.622287179872485 16.955005162311508 9.531659124087508 16.93955066919954 9.441794341176545 16.920144313408752 9.352865067609727 16.896823289512046 9.265041746843027 16.869632295006102 9.178492702643263 16.83862344464334 9.093383816475706 16.803856170547853 9.009878209572669 16.765397108306704 8.928135930292395 16.72331996925498 8.848313647367476 16.677705399199272 8.77056434963072 16.628640823850514 8.695037052793992 16.57622028126223 8.621876513841999 16.52054424159554 8.551222953588425 16.461719414556207 8.483211787926193 16.39985854487288 8.417973368286898 16.335080196208533 8.355632731806908 16.267508523919158 8.296309361678915 16.1972730370954
F Topsheet | 10.326881718835422 17.345936667401773 10.218467877049353 17.360946733328674 10.109500958045198 17.371197281249948 10.000189809793001 17.376668664779835 9.890743940018826 17.3773503973656 9.781373114658432 17.373241172386212 9.67228695581611 17.36434886565668 9.563694539999139 17.350690520333096 9.455803997397974 17.332292314247418 9.348822112980162 17.309189509734576 9.242953930162521 17.28142638604802 9.138402357821212 17.249056154493328 9.035367781392921 17.21214085644242 8.934047678812496 17.170751244423982 8.83463624202317 17.124966646517855 8.737324004784746 17.074874814313414 8.642297477493173 17.020571754723292 8.549738789711322 16.96216154597477 8.45982534109617 16.899756138131576 8.372729461391417 16.833475138528375 8.288618080137164 16.763445582529165 8.207652406729743 16.68980169004902 8.129987621444869 16.612684608305745 8.055772578016311 16.53224214129458 7.985149518340128 16.4486284665044
F Topsheet | 1756.6435898824418 42.22605856736085 1756.7349643068037 42.169245239229724 1756.8287929127875 42.116584683959246 1756.92488744615 42.06818251784804 1757.0230549299845 42.02413594667493 1757.1230978202623 41.98453360457073 1757.2248150995404 41.949455049557265 1757.3280025923182 41.91897070393032 1757.4324533557253 41.8931417646725 1757.5379562892572 41.87202044132234 1757.6442997150561 41.85564906305767 1757.75127016109 41.84406049070764 1757.8586523165109 41.8372780440703 1757.9662304008384 41.83531532845964 1758.0737883797278 41.83817627714679 1758.1811111556044 41.845855245924064 1758.2879812113383 41.8583366996706 1758.3941842483243 41.87559554946909 1758.4995070686982 41.89759713925483 1758.603737779289 41.9242971987179 1758.706666860291 41.95564203277936 1758.8080875453068 41.99156865606336 1758.9077962169001 42.03200494580318 1759.005593548844 42.0768701766534 1759.10128068847 42.126073138989554
F Topsheet | 1756.8623600196772 42.560931260591936 1756.9385053756796 42.51358681726997 1757.0166958833806 42.46970301847434 1757.096774664243 42.42936787788561 1757.1785809041423 42.39266240036646 1757.261949983016 42.359660447744886 1757.3467143862692 42.330428318376924 1757.4327039674956 42.30502469717379 1757.519746274249 42.28350058150421 1757.607665389421 42.265899479286226 1757.6962849147865 42.25225666480586 1757.7854269569727 42.24259952205656 1757.874912090268 42.23694748417432 1757.9645604976024 42.23531188889166 1758.0541921503575 42.237696013908355 1758.143627800566 42.24409515569689 1758.2326861839354 42.25449636830259 1758.3211887183274 42.26887874428468 1758.4089577388545 42.28721340358856 1758.495816667881 42.309463454289656 1758.581590905571 42.33558415050579 1758.6661081465902 42.365523004451084 1758.749198709729 42.39921991385991 1758.8306964897722 42.43660760766539 1758.9104357761212 42.47761007791701
F Topsheet | 8.175295865131803 16.047467080184056 8.180338094154598 16.05370899505536 8.185380323177395 16.05995090992667 8.190422552200191 16.066192824797977 8.195464781222986 16.07243473966928 8.200507010245785 16.078676654540587 8.205549239268578 16.084918569411894 8.210591468291373 16.091160484283197 8.215633697314171 16.097402399154504 8.220675926336968 16.103644314025814 8.225718155359763 16.109886228897118 8.23076038438256 16.116128143768425 8.235802613405356 16.122370058639728 8.240844842428151 16.12861197351104 8.245887071450948 16.13485388838234 8.250929300473745 16.14109580325365 8.25597152949654 16.147337718124952 8.261013758519336 16.153579632996262 8.266055987542133 16.159821547867566 8.271098216564928 16.166063462738872 8.276140445587725 16.172305377610176 8.281182674610518 16.178547292481483 8.286224903633318 16.184789207352793 8.291267132656113 16.191031122224093 8.29630936167891 16.1972730370954
F Topsheet | 7.864136021793015 16.29882250959305 7.86917825081581 16.305064424464362 7.874220479838607 16.311306339335665 7.879262708861401 16.31754825420697 7.884304937884199 16.323790169078276 7.889347166906995 16.330032083949586 7.894389395929791 16.33627399882089 7.899431624952588 16.342515913692196 7.904473853975384 16.3487578285635 7.90951608299818 16.35499974343481 7.914558312020976 16.361241658306113 7.9196005410437715 16.36748357317742 7.924642770066568 16.373725488048724 7.929684999089364 16.379967402920034 7.93472722811216 16.386209317791337 7.939769457134956 16.392451232662644 7.944811686157752 16.398693147533947 7.949853915180549 16.404935062405258 7.954896144203345 16.41117697727656 7.959938373226141 16.417418892147868 7.964980602248937 16.423660807019175 7.9700228312717325 16.429902721890482 7.97506506029453 16.436144636761785 7.980107289317325 16.442386551633092 7.985149518340121 16.4486284665044
F Topsheet | 1756.5399562954146 42.29376167848975 1756.4612568637938 42.342731991458265 1756.3804734780342 42.38818156815411 1756.2977632466745 42.43002205214678 1756.2132871601534 42.46817200037844 1756.1272099748662 42.502557007217085 1756.0396993689985 42.53311010248618 1755.9509256248357 42.55977182915288 1755.8610613170292 42.58249031073272 1755.7702823639752 42.60122106121322 1755.6787654992052 42.61592765223315 1755.5866887539019 42.626581484896576 1755.4942316335823 42.63316178983937 1755.4015743421214 42.635655755360716 1755.3088972627897 42.634058536215086 1755.2163806905817 42.62837322361435 1755.1242044864027 42.61861081142315 1755.032549592419 42.60479046970541 1754.9415937134695 42.5869390344348 1754.8515142680214 42.565091323993286 1754.7624868136993 42.53928993494998 1754.6746847344714 42.50958513455159 1754.5882789283987 42.476034743037154 1754.503436830654 42.438703693779615 1754.4203255070374 42.39766548324728
F Topsheet | 1756.7587265128864 42.6286343221348 1756.6650367127547 42.686932316631456 1756.5688660146488 42.74103895828162 1756.4704014525737 42.79084906088372 1756.3698346818226 42.836265668407805 1756.26736184097 42.87720020271146 1756.1631825469133 42.91357293738778 1756.0574995166692 42.94531309024771 1755.9505181962616 42.97235890356505 1755.8424480123633 42.994657417795445 1755.7334993620468 43.01216526583753 1755.6238841872064 43.02484840138222 1755.5138161848997 43.032682098992346 1755.4035098835593 43.03565110663994 1755.2931800251852 43.0337496561735 1755.1830412466884 43.02698142760517 1755.073307668206 43.01535950886833 1754.96419469709 42.99890672146775 1754.8559138867333 42.97765501299127 1754.748676449607 42.951645833894865 1754.6426913828955 42.92092989438135 1754.5381650960965 42.885567036414436 1754.4353010392929 42.845626093614484 1754.3342985400836 42.801184367619854 1754.235356486337 42.752329354230746
F Topsheet | 1756.5393345356024 42.29416786990758 1756.5437044182427 42.29131305557156 1756.5480743008816 42.28845824123576 1756.5524441835219 42.28560342689943 1756.5568140661621 42.2827486125633 1756.561183948802 42.27989379822702 1756.565553831441 42.27703898389114 1756.5699237140807 42.27418416955506 1756.5742935967203 42.271329355218846 1756.5786634793608 42.26847454088243 1756.583033362 42.26561972654641 1756.5874032446397 42.26276491221008 1756.591773127279 42.25991009787386 1756.5961430099183 42.257055283537696 1756.600512892558 42.25420046920123 1756.6048827751974 42.25134565486469 1756.609252657838 42.248490840528135 1756.6136225404769 42.24563602619195 1756.6179924231162 42.24278121185545 1756.6223623057565 42.23992639751861 1756.6267321883956 42.23707158318168 1756.631102071035 42.23421676884589 1756.6354719536746 42.23136195450903 1756.6398418363137 42.22850714017264 1756.6442117189533 42.22565232583585
F Topsheet | 1756.7587265129343 42.62863432215213 1756.7630445757163 42.625813361254565 1756.7673626384983 42.622992400357006 1756.7716807012803 42.62017143945943 1756.7759987640623 42.61735047856187 1756.7803168268442 42.6145295176643 1756.7846348896264 42.611708556766736 1756.7889529524084 42.60888759586917 1756.7932710151904 42.606066634971604 1756.7975890779724 42.60324567407404 1756.8019071407543 42.600424713176466 1756.8062252035365 42.59760375227891 1756.8105432663185 42.594782791381334 1756.8148613291005 42.59196183048377 1756.8191793918827 42.5891408695862 1756.8234974546647 42.58631990868864 1756.8278155174467 42.58349894779107 1756.8321335802286 42.580677986893505 1756.8364516430106 42.57785702599594 1756.8407697057926 42.575036065098374 1756.8450877685746 42.5722151042008 1756.8494058313565 42.56939414330324 1756.8537238941387 42.56657318240567 1756.8580419569207 42.5637522215081 1756.8623600197027 42.560931260610545
F 6005 | 1797.0514649843828 53.3494067783442 1797.0420129700715 53.36313402144808 1797.0325609557601 53.37686126455197 1797.0231089414485 53.39058850765585 1797.0136569271372 53.40431575075973 1797.0042049128256 53.41804299386361 1796.994752898514 53.43177023696749 1796.9853008842024 53.445497480071374 1796.975848869891 53.459224723175254 1796.9663968555797 53.47295196627914 1796.956944841268 53.48667920938301 1796.9474928269567 53.50040645248689 1796.938040812645 53.51413369559078 1796.9285887983337 53.52786093869466 1796.919136784022 53.541588181798545 1796.9096847697106 53.555315424902425 1796.9002327553992 53.5690426680063 1796.8907807410876 53.582769911110184 1796.8813287267762 53.59649715421406 1796.8718767124647 53.61022439731795 1796.8624246981533 53.62395164042183 1796.8529726838417 53.63767888352571 1796.84352066953 53.65140612662959 1796.8340686552187 53.66513336973347 1796.8246166409072 53.678860612837354
F 6005 | -18.028971885302376 20.73634000444223 -18.03201035282663 20.719952646727155 -18.035048820350887 20.703565289012083 -18.038087287875143 20.687177931297004 -18.0411257553994 20.670790573581932 -18.044164222923655 20.654403215866857 -18.04720269044791 20.638015858151782 -18.050241157972167 20.62162850043671 -18.053279625496423 20.60524114272163 -18.05631809302068 20.588853785006556 -18.059356560544934 20.572466427291484 -18.06239502806919 20.55607906957641 -18.065433495593446 20.539691711861337 -18.0684719631177 20.52330435414626 -18.071510430641958 20.506916996431183 -18.074548898166213 20.49052963871611 -18.07758736569047 20.474142281001036 -18.08062583321473 20.45775492328596 -18.083664300738985 20.441367565570886 -18.08670276826324 20.42498020785581 -18.089741235787496 20.40859285014074 -18.092779703311752 20.392205492425663 -18.095818170836008 20.37581813471059 -18.098856638360264 20.359430776995513 -18.10189510588452 20.343043419280438
F 6005 | 1625.000000000001 6.749904778 1563.3281671356165 6.97125210077716 1501.6567178606504 7.276789909034935 1439.9868228279481 7.810104187787402 1378.3192135878223 8.562406529731996 1316.6529390411438 9.419474055604702 1254.9869010933478 10.293340176579973 1193.3216417331143 11.220176908995537 1131.6614264994973 12.426379993430333 1069.9988560608574 13.486363914224736 1008.3368286750663 14.604362264001281 946.665716482218 14.71832852154112 884.9936199754474 14.656479911533607 823.3214520831458 14.638996306214903 761.6495775865121 14.4309183880636 699.9774239902977 14.371120823762375 638.3087056978695 13.737498107286116 576.6495611069979 12.470262311499676 514.9902085859325 11.215351410581512 453.3333811157591 9.845123037441939 391.669546620097 8.827806548685553 330.0035538035513 7.952104378790142 268.3362619610543 7.171825920492706 206.66805259602512 6.467770733406106 145.00000000000085 5.750018472
F 6005 | 1624.9992975993564 6.349904778000001 1563.3275927167144 6.571251413026426 1501.6562713953742 6.876783694483027 1439.9865042530532 7.410086120527229 1378.3190228019803 8.162371434418189 1316.6528762118764 9.019436245013976 1254.9869661912448 9.893297323457643 1193.3218346665938 10.820122227837793 1131.6617459336053 12.026255857932508 1069.99930513463 13.086314077003502 1008.3374056632343 14.20431448801736 946.6664217987201 14.31832757729015 884.9944533746201 14.256478479355996 823.3224134493573 14.238997410622995 761.6506669983154 14.030919806905326 699.9786412921544 13.971122097206138 638.3100516270163 13.337465258710585 576.6510349957105 12.070221491615925 514.9918113554073 10.81527327803135 453.3351108576323 9.445091223460892 391.6714041768589 8.427786347314305 330.00553918559945 7.552096215136644 268.3383752806175 6.771822329075463 206.67029386677484 6.0677705802042885 145.00236926206836 5.350018471999998
F 6005 | 1796.8246166409072 53.678860612837354 1790.5511938996299 49.49885763746815 1784.1533594708014 45.51187992465598 1777.6370905792821 41.72156340980933 1771.0080582636183 38.132113154636826 1764.2724564306018 34.74686026757451 1757.4372946572855 31.567411102897214 1750.5086249235885 28.597265956666394 1743.4916541416205 25.842226891089012 1736.3938398119626 23.30265956565865 1729.223607328178 20.975371591175886 1721.9853377537468 18.869330328668074 1714.6835760357017 16.995332685662056 1707.331195020796 15.330563721593053 1699.941279239252 13.840608428065584 1692.5223542623787 12.502369542843017 1685.0803293175272 11.299340181837167 1677.6176502263756 10.232009752290104 1670.1359045910638 9.307755728959792 1662.6377289016898 8.527851862033478 1655.1262097156743 7.889099849611617 1647.604089334215 7.390526823026189 1640.0738998152794 7.034035085145707 1632.5382926226623 6.820765774529656 1625.000000000001 6.749904778
F 6005 | 1797.0514649843828 53.34940677834416 1790.769665769092 49.163783774789586 1784.3633291187389 45.171394340856644 1777.8384333592219 41.37587405393091 1771.2006533851056 37.78142900921018 1764.456187395424 34.39139508609098 1757.6120527381313 31.20738374324089 1750.6741826677558 28.23283876780964 1743.6480238291044 25.47366492336016 1736.5409209941683 22.93019859255316 1729.3613041790113 20.59924090548496 1722.113567810838 18.489715932642337 1714.8022096963036 16.61246202253587 1707.4401182563076 14.944798864052535 1700.0404645036883 13.452311138665479 1692.6117382859484 12.111842695287583 1685.1598225643763 10.906838759345966 1677.6872046717315 9.837745346279538 1670.1954839209382 8.91195273253666 1662.6873137988396 8.130755020114174 1655.1657700007588 7.490950046224775 1647.6336019603268 6.991558799373236 1640.0933498075303 6.634484691690652 1632.5476698381688 6.420871434787244 1624.9992975993566 6.349904778
F 6005 | 145.00000000000085 5.750018472 138.16899026049134 5.776115259891766 131.33837922697975 5.854397379322293 124.50856541646307 5.984852530838808 117.67994720609775 6.167468508363987 110.85292290586094 6.402233201684117 104.02789083119453 6.689134595691113 97.20524937554383 7.028160766381132 90.38539708271021 7.419299873612149 83.56873244482608 7.862536051261363 76.75565295925912 8.357837063643082 69.94655568702119 8.905166540938113 63.14183754826907 9.504488071220168 56.34189539061706 10.155765198952244 49.547126057242245 10.858961420318051 42.75792645470089 11.61404017539597 35.97469362036939 12.420964837183579 29.197824266977996 13.279694634229495 22.42771310102427 14.190172518312634 15.66475414583128 15.152337473236251 8.90934129217034 16.166128592672546 2.1618683707219724 17.23148507409333 -4.577270775871426 18.34834620948007 -11.307682221441361 19.516651372825876 -18.028971885302376 20.73634000444223
F 6005 | 145.0023692620685 5.3500184719999995 138.16820518142126 5.376109585828343 131.33443989744296 5.454410880683195 124.50147210814781 5.584910057215272 117.66970038105167 5.7675949051130075 110.83952322569209 6.002453308377617 104.0113391661605 6.289473244217371 97.18554634625025 6.628642803710016 90.36254431149695 7.019950097514555 83.54273137630332 7.463379268110083 76.72650522760092 7.958898069696147 69.91426312488379 8.506470117365522 63.10640219564985 9.106058981810571 56.30331832237454 9.757628305172794 49.50541079216031 10.461141349792825 42.713075617099285 11.216561635242114 35.92670999694594 12.02385251647894 29.14671081572015 12.882973203715567 22.373472959585218 13.793866627855605 15.607390640188312 14.75647174802244 8.848857945439002 15.770727630651516 2.098268912153748 16.8365734430418 -4.643982326391691 17.953948430896553 -11.377501742635628 19.1227919510845 -18.10189510588452 20.343043419280438
F 4310 | 1797.3633814566624 52.89640775591598 1797.3503849369838 52.91528271518382 1797.3373884173056 52.93415767445167 1797.3243918976275 52.95303263371951 1797.3113953779489 52.97190759298735 1797.2983988582707 52.9907825522552 1797.2854023385926 53.00965751152304 1797.272405818914 53.02853247079088 1797.2594092992358 53.047407430058726 1797.2464127795574 53.066282389326574 1797.2334162598793 53.085157348594414 1797.220419740201 53.10403230786226 1797.2074232205225 53.1229072671301 1797.1944267008444 53.14178222639794 1797.181430181166 53.16065718566579 1797.1684336614876 53.17953214493363 1797.1554371418094 53.19840710420147 1797.142440622131 53.21728206346932 1797.1294441024527 53.23615702273716 1797.1164475827745 53.25503198200501 1797.1034510630961 53.27390694127285 1797.0904545434178 53.29278190054069 1797.0774580237396 53.31165685980854 1797.0644615040612 53.33053181907638 1797.0514649843828 53.34940677834422
F 4310 | -18.10189510588452 20.343043419280438 -18.10607299873037 20.320510802422213 -18.110250891576225 20.29797818556398 -18.114428784422078 20.275445568705756 -18.118606677267927 20.252912951847527 -18.12278457011378 20.2303803349893 -18.126962462959632 20.207847718131074 -18.131140355805485 20.185315101272842 -18.135318248651338 20.162782484414617 -18.13949614149719 20.14024986755639 -18.14367403434304 20.11771725069816 -18.147851927188892 20.09518463383993 -18.152029820034745 20.072652016981703 -18.156207712880594 20.050119400123478 -18.16038560572645 20.02758678326525 -18.164563498572303 20.00505416640702 -18.168741391418152 19.982521549548792 -18.172919284264005 19.959988932690564 -18.177097177109857 19.93745631583234 -18.18127506995571 19.91492369897411 -18.185452962801563 19.892391082115882 -18.189630855647415 19.869858465257654 -18.193808748493264 19.847325848399425 -18.19798664133912 19.824793231541197 -18.20216453418497 19.802260614682968
F 4310 | 1624.9992975993564 6.349904778000001 1563.3275927167138 6.57125141302643 1501.6562713953715 6.876783694483046 1439.9865042530562 7.410086120527201 1378.3190228019844 8.162371434418132 1316.6528762118778 9.019436245013962 1254.986966191245 9.893297323457642 1193.3218346666017 10.820122227837667 1131.6617459335398 12.026255857934084 1069.9993051346898 13.086314077002625 1008.3374056632825 14.204314488016687 946.6664217985499 14.318327577289372 884.9944533746233 14.256478479355993 823.3224134493285 14.238997410622915 761.6506669984016 14.030919806905512 699.9786412920678 13.971122097205727 638.3100516274682 13.337465258718098 576.6510349956728 12.070221491615232 514.9918113555152 10.815273278033958 453.33511085761313 9.445091223460553 391.67140417685687 8.427786347314271 330.00553918560144 7.552096215136672 268.33837528062116 6.771822329075508 206.67029386677387 6.067770580204278 145.00236926206847 5.350018471999998
F 4310 | 1624.998331798471 5.7999047779999975 1563.326802891726 6.021250467385084 1501.6556575094883 6.3267751500351155 1439.986066209939 6.860061279438764 1378.3187604659502 7.612323179612206 1316.6527898191862 8.469384255706556 1254.9870556960461 9.343238401048074 1193.322099921719 10.270047045367344 1131.6621852592832 11.476085167946605 1069.9999224923254 12.536245571689935 1008.3381990626322 13.65424876712353 946.6673917518714 13.76832627970285 884.9955992972535 13.70647651015116 823.3237353504053 13.688998929245189 761.65216487684 13.480921757685813 699.9803151502964 13.421123848317286 638.3119020407543 12.787420072341087 576.6530616122371 11.52016536822249 514.9940150900323 10.265165832236935 453.33748926379116 8.895047484332796 391.6739583193107 7.877758571824069 330.008269085418 7.00208499041655 268.3412810934676 6.221817391201085 206.67337561461767 5.517770369450351 145.00562699741153 4.800018472
F 4310 | 1797.0514649843828 53.34940677834416 1790.769665769092 49.163783774789586 1784.3633291187389 45.171394340856644 1777.8384333592219 41.37587405393091 1771.2006533851056 37.78142900921018 1764.4561873954242 34.39139508609098 1757.6120527381313 31.20738374324089 1750.6741826677558 28.23283876780964 1743.6480238291044 25.47366492336016 1736.5409209941683 22.93019859255316 1729.3613041790113 20.59924090548496 1722.113567810838 18.489715932642337 1714.8022096963036 16.61246202253587 1707.4401182563076 14.944798864052572 1700.0404645036883 13.452311138665479 1692.6117382859484 12.111842695287557 1685.159822564376 10.906838759346 1677.6872046717315 9.837745346279538 1670.1954839209382 8.91195273253666 1662.6873137988396 8.130755020114174 1655.165770000759 7.490950046224771 1647.6336019603273 6.991558799373244 1640.0933498075303 6.634484691690652 1632.5476698381688 6.420871434787244 1624.9992975993566 6.349904778
F 4310 | 1797.3633814566624 52.89640775591602 1791.0700737321167 48.70306314115253 1784.6520452682446 44.703231547025624 1778.1152809332982 40.90055219521481 1771.4654625117169 37.29923406317551 1764.7087931993688 33.902619535965655 1757.852296273049 30.712325446870693 1750.9019154256177 27.73179026633082 1743.8631040039697 24.966921209297887 1736.7432041773845 22.41808306891629 1729.5506575929953 20.082070464752118 1722.2898830370082 17.967749853539463 1714.9653644929547 16.08602714519935 1707.589963418889 14.414391855496289 1700.1768765213849 12.918411280163662 1692.7346228557146 11.574867089951008 1685.2691073428884 10.367147988232208 1677.7828364114903 9.295632218676774 1670.27741227373 8.367725262716494 1662.75549376858 7.584747521873826 1655.2201643087094 6.943494340722957 1647.6741816244698 6.44297794556069 1640.1200930530676 6.0851029595113895 1632.5605621068519 5.8710167051654985 1624.9983317984718 5.799904778
F 4310 | 145.0023692620685 5.3500184719999995 138.16820518142126 5.376109585828343 131.33443989744296 5.454410880683195 124.50147210814781 5.584910057215272 117.66970038105167 5.7675949051130075 110.83952322569209 6.002453308377617 104.0113391661605 6.289473244217371 97.18554634625025 6.628642803710016 90.36254431149695 7.019950097514555 83.54273137630332 7.463379268110083 76.72650522760092 7.958898069696147 69.91426312488379 8.506470117365522 63.10640219564985 9.106058981810571 56.30331832237454 9.757628305172794 49.50541079216031 10.461141349792825 42.713075617099285 11.216561635242114 35.92670999694594 12.02385251647894 29.14671081572015 12.882973203715567 22.373472959585218 13.793866627855605 15.607390640188312 14.75647174802244 8.848857945439002 15.770727630651516 2.098268912153748 16.8365734430418 -4.643982326391691 17.953948430896553 -11.377501742635628 19.1227919510845 -18.10189510588452 20.343043419280438
F 4310 | 145.00562699741158 4.800018472 138.16712573873642 4.826101793082705 131.32902335555295 4.904429453106082 124.49171881485734 5.034989163692549 117.65561095307193 5.217768709081803 110.82109854856854 5.452755965961356 103.98858039419406 5.739938902362732 97.15845490204329 6.079305598342835 90.33112188683992 6.470844151630919 83.50697993138958 6.9145386936136255 76.68642699124608 7.410356964576208 69.86986059414399 7.958262559681878 63.05767813565548 8.558219027820398 56.250275765198 9.210189987554282 49.448053039392335 9.91413867551666 42.651406236936715 10.670028583955814 35.86073282486069 11.47782303856281 29.076429954475802 12.337481220108257 22.298892778942427 13.248946027210337 15.528515776390158 14.212156382667466 8.765693300940919 15.22705131474179 2.010819655347732 16.293569950713803 -4.735710761398821 17.41165149441457 -11.473503656476721 18.581235259024936 -18.20216453418497 19.802260614682968
F CORE | 1634.9585989166967 1.7626490443808929 1634.5437360370029 1.752641687721046 1634.1288631055093 1.7430600986534373 1633.7139805591746 1.7339042872697719 1633.2990888349684 1.725174263213225 1632.8841883698683 1.7168700356784972 1632.4692796008628 1.7089916134120364 1632.0543629649483 1.7015390047115386 1631.6394388991293 1.6945122174263916 1631.2245078404192 1.687911258957564 1630.8095702258374 1.6817361362572725 1630.3946264924111 1.675986855829481 1629.9796770771736 1.6706634237294016 1629.5647224171648 1.665765845564049 1629.149762949429 1.6612941264915748 1628.7347991110162 1.6572482712218228 1628.319831338981 1.65362828401594 1627.9048600703823 1.6504341686867652 1627.4898857422825 1.6476659285983852 1627.0749087917468 1.6453235666663568 1626.6599296558443 1.6434070853578175 1626.2449487716453 1.6419164866912084 1625.829966576222 1.6408517722365512 1625.4149835066487 1.6402129431151713 1625 1.6399999999999748
F CORE | 1634.85615936844 5.9208532659368585 1634.4454942677146 5.910968110389893 1634.0348192123706 5.9015055432638865 1633.6241346412444 5.892465393698495 1633.2134409926036 5.8838474914518235 1632.8027387041493 5.875651666902706 1632.3920282130196 5.8678777510529025 1631.9813099557932 5.860525575529361 1631.5705843685002 5.853594972586488 1631.1598518866151 5.847085775108257 1630.749112945071 5.8409978166104555 1630.3383679782578 5.835330931242845 1629.9276174200259 5.830084953791295 1629.5168617037016 5.825259719680017 1629.1061012620785 5.8208550649735935 1628.6953365274182 5.816870826379052 1628.2845679314703 5.813306841248103 1627.8737959054624 5.810162947579112 1627.463020880113 5.807438984019248 1627.0522432856287 5.80513478986649 1626.6414635517165 5.803250205071709 1626.2306821075792 5.801785070240663 1625.8198993819283 5.8007392266360585 1625.4091158029823 5.8001125161795155 1624.998331798471 5.799904778
F CORE | 1634.8561593684399 5.920853265936855 1634.8604276829506 5.7475947567053565 1634.8646959974612 5.574336247473858 1634.8689643119721 5.4010777382423605 1634.8732326264826 5.227819229010861 1634.8775009409933 5.054560719779364 1634.881769255504 4.881302210547864 1634.8860375700147 4.708043701316366 1634.8903058845253 4.534785192084867 1634.8945741990362 4.361526682853369 1634.898842513547 4.188268173621871 1634.9031108280576 4.015009664390372 1634.9073791425683 3.8417511551588737 1634.911647457079 3.6684926459273766 1634.9159157715899 3.4952341366958777 1634.9201840861003 3.321975627464379 1634.924452400611 3.148717118232881 1634.9287207151217 2.975458609001382 1634.9329890296324 2.8022000997698835 1634.9372573441433 2.6289415905383846 1634.941525658654 2.4556830813068857 1634.9457939731647 2.2824245720753877 1634.9500622876753 2.1091660628438897 1634.954330602186 1.9359075536123913 1634.9585989166967 1.7626490443808929
F CORE | 145.0000000000001 1.6399999999999748 144.5840926071835 1.6400962748611692 144.16818530351026 1.640385099424324 143.75227817812382 1.6408664736272671 143.33637132016742 1.6415403973669696 142.92046481878438 1.6424068704989914 142.5045587631179 1.6434658928375923 142.08865324231067 1.6447174641557316 141.6727483455065 1.6461615841852906 141.2568441618478 1.647798252616739 140.8409407804773 1.6496274690990242 140.4250382905375 1.6516492332403487 140.00913678117075 1.6538635446072814 139.5932363415192 1.6562704027253128 139.1773370607247 1.6588698070784114 138.76143902792896 1.6616617571095782 138.34554233227328 1.664646252220292 137.92964706289885 1.6678232917709535 137.51375330894598 1.6711928750805516 137.09786115955595 1.6747550014268864 136.68197070386847 1.6785096700464575 136.26608203102336 1.6824568801345752 135.85019523015993 1.6865966308452496 135.43431039041718 1.6909289212909684 135.01842760093365 1.6954537505433631
F CORE | 145.0056269974115 4.800018472 144.59094811866467 4.800111955874955 144.17626932774184 4.800397567297271 143.76159071367294 4.8008753211872435 143.34691236548323 4.801545214775901 142.93223437219436 4.802407245295327 142.51755682282433 4.80346140997866 142.10287980638762 4.804707706060111 141.68820341189527 4.806146130774968 141.27352772835488 4.807776681359597 140.85885284477052 4.8095993550514615 140.44417885014317 4.811614149089121 140.0295058334706 4.813821060712242 139.61483388374708 4.816220087161602 139.20016308996412 4.818811225679096 138.78549354110996 4.821594473507752 138.3708253261697 4.824569827891723 137.9561585341256 4.82773728607631 137.54149325395713 4.831096845307952 137.12682957464034 4.834648502834242 136.71216758514925 4.838392255903936 136.29750737445468 4.842328101766939 135.88284903152478 4.8464560376743435 135.46819264532527 4.850776060878404 135.05353830481928 4.855288168632553
F CORE | 135.05353830481928 4.855288168632555 135.05207535882403 4.723628401212167 135.05061241282877 4.5919686337917796 135.04914946683348 4.460308866371392 135.04768652083825 4.328649098951005 135.046223574843 4.1969893315306175 135.04476062884774 4.065329564110229 135.04329768285248 3.9336697966898417 135.04183473685723 3.8020100292694536 135.04037179086197 3.670350261849066 135.0389088448667 3.53869049442868 135.03744589887145 3.4070307270082925 135.0359829528762 3.2753709595879044 135.03452000688094 3.1437111921675167 135.0330570608857 3.012051424747129 135.03159411489042 2.880391657326741 135.03013116889517 2.7487318899063533 135.0286682228999 2.6170721224859657 135.02720527690465 2.485412355065578 135.02574233090942 2.353752587645191 135.02427938491417 2.222092820224803 135.02281643891888 2.0904330528044155 135.02135349292362 1.9587732853840285 135.01989054692837 1.8271135179636404 135.01842760093314 1.6954537505432528
F CORE | 1624.9983317984704 5.799904778 1563.3268028917248 6.021250467385087 1501.6556575094876 6.32677515003512 1439.9860662099384 6.860061279438775 1378.3187604659497 7.612323179612213 1316.6527898191853 8.46938425570657 1254.9870556960457 9.343238401048087 1193.3220999217183 10.270047045367347 1131.6621852592828 11.476085167946612 1069.999922492325 12.536245571689946 1008.3381990626319 13.654248767123537 946.6673917518708 13.768326279702848 884.9955992972527 13.706476510151159 823.3237353504048 13.688998929245182 761.6521648768395 13.480921757685815 699.9803151502962 13.421123848317283 638.3119020407536 12.787420072341076 576.6530616122369 11.520165368222486 514.9940150900319 10.265165832236923 453.33748926379064 8.895047484332789 391.67395831931066 7.877758571824069 330.0082690854176 7.002084990416544 268.3412810934674 6.221817391201083 206.67337561461773 5.517770369450352 145.00562699741147 4.800018471999998
F CORE | 1625 1.64 1563.3333333333335 1.64 1501.6666666666667 1.64 1440 1.64 1378.3333333333335 1.64 1316.6666666666667 1.64 1255 1.64 1193.3333333333333 1.64 1131.6666666666667 1.64 1070 1.64 1008.3333333333333 1.64 946.6666666666666 1.64 885 1.64 823.3333333333334 1.64 761.6666666666669 1.64 700 1.64 638.3333333333334 1.64 576.6666666666669 1.64 515.0000000000001 1.64 453.33333333333337 1.64 391.66666666666686 1.64 330.00000000000006 1.64 268.3333333333333 1.64 206.66666666666677 1.64 145.00000000000003 1.64
F 4802 | 1796.3076020392634 47.35180406221707 1792.9864327675914 45.179521135633756 1789.6315049121918 43.05974875569764 1786.2436357911317 40.99303215518499 1782.823646309361 38.97991361170193 1779.3723883605626 37.02088496431005 1775.8907342415846 35.11640110909267 1772.3795555652036 33.26691558975565 1768.8397207843946 31.472880489847686 1765.2721051810297 29.734751505268296 1761.6775784703977 28.052981595199842 1758.0570167918281 26.428018469910924 1754.4113240053098 24.86025047310434 1750.7414165114542 23.35003497185744 1747.0482095233283 21.8977286254963 1743.3326129369439 20.503686271130405 1739.5955513272 19.16826835999149 1735.8379357149024 17.891830312175546 1732.0606869049957 16.674718419885544 1728.2647478393937 15.517212940189365 1724.4510678787155 14.419569943583694 1720.620595370141 13.382045221087377 1716.7742787644224 12.404894676752061 1712.9130658494068 11.488374141543813 1709.0379054285386 10.63273978339579
F 4802 | 1796.3076020392634 47.35180406221701 1796.218176484839 47.49248977182977 1796.1287509304148 47.633175481442514 1796.0393253759905 47.77386119105527 1795.949899821566 47.914546900668014 1795.8604742671419 48.05523261028077 1795.7710487127176 48.19591831989352 1795.6816231582932 48.33660402950627 1795.592197603869 48.47728973911902 1795.5027720494447 48.61797544873178 1795.4133464950203 48.75866115834452 1795.323920940596 48.89934686795727 1795.2344953861716 49.04003257757003 1795.1450698317474 49.18071828718278 1795.0556442773232 49.321403996795524 1794.9662187228987 49.46208970640828 1794.8767931684747 49.60277541602103 1794.7873676140503 49.743461125633786 1794.6979420596258 49.88414683524653 1794.6085165052018 50.02483254485929 1794.5190909507774 50.16551825447203 1794.429665396353 50.30620396408479 1794.3402398419287 50.446889673697534 1794.2508142875045 50.58757538331029 1794.16138873308 50.72826109292304
F 4802 | 1709.0379054285386 10.632739783395795 1706.011379059471 10.00151962048812 1702.9801131732595 9.39346708672889 1699.9442851121094 8.808617755829417 1696.904072485133 8.24700584401289 1693.859653157959 7.70866420801275 1690.8112052423267 7.1936243431502955 1687.7589070856645 6.701916381492145 1684.7029372606576 6.233569090087321 1681.643474554798 5.788609869284311 1678.5806979599288 5.36706475112797 1675.514786661768 4.968958397836676 1672.4459200294282 4.59431410035921 1669.3742776049216 4.243153777012343 1666.3000390926568 3.915497972198645 1663.2233843489241 3.6113658552041072 1660.144493371374 3.330775219077098 1657.0635462884868 3.0737424795871937 1653.9807233490335 2.840282674264727 1650.8962049115307 2.630409461521266 1647.81017143369 2.444135119850255 1644.7228034618574 2.281470547108866 1641.6342816204547 2.1424252598802873 1638.5447866014097 2.027007392917113 1635.4544991535836 1.9352236986652782
F 4802 | 1794.1613887330802 50.72826109292297 1788.3063213957244 46.94737018268787 1782.347559558095 43.33212343598712 1776.28967125732 39.885564777535706 1770.1371087413577 36.611011496430386 1763.894940185251 33.510678377085625 1757.5686825717146 30.585755713891853 1751.1628735789727 27.839161363051524 1744.6817401789863 25.275661492306217 1738.1308583108657 22.89603509984489 1731.5170920155572 20.69719221403346 1724.8447181648917 18.683251113822728 1718.1161736141994 16.86584491954401 1711.3389964971363 15.238874530274733 1704.5246105509216 13.775252496895517 1697.681667139875 12.451382176317868 1690.815872131844 11.251537030553035 1683.9312007222436 10.165208919244634 1677.029110317505 9.195745559486658 1670.110910133493 8.348817537655037 1663.1787570451797 7.6249769102804095 1656.2350735297707 7.021640773202457 1649.2820496306767 6.537690384969257 1642.3216735891726 6.174527262563472 1635.3560006026694 5.933455799464602
F 4802 | 1635.3560006026687 5.933455799464595 1635.3601047089564 5.766862795264621 1635.3642088152446 5.600269791064648 1635.3683129215328 5.433676786864676 1635.372417027821 5.267083782664702 1635.3765211341092 5.100490778464731 1635.3806252403972 4.933897774264756 1635.3847293466854 4.767304770064784 1635.3888334529736 4.60071176586481 1635.3929375592618 4.434118761664837 1635.39704166555 4.267525757464864 1635.401145771838 4.100932753264892 1635.405249878126 3.934339749064918 1635.409353984414 3.7677467448649447 1635.4134580907023 3.601153740664972 1635.4175621969905 3.434560736465 1635.4216663032785 3.2679677322650256 1635.4257704095667 3.101374728065053 1635.4298745158549 2.93478172386508 1635.433978622143 2.7681887196651074 1635.4380827284313 2.6015957154651344 1635.4421868347192 2.43500271126516 1635.4462909410074 2.2684097070651874 1635.4503950472954 2.1018167028652153 1635.4544991535836 1.9352236986652416
F 4803 | -14.05674324535454 15.995366285797223 -14.034593907261836 16.118389179971206 -14.012444569169134 16.241412074145188 -13.99029523107643 16.364434968319173 -13.968145892983728 16.48745786249316 -13.945996554891027 16.610480756667144 -13.923847216798322 16.733503650841126 -13.901697878705619 16.856526545015107 -13.879548540612918 16.979549439189093 -13.857399202520213 17.102572333363078 -13.835249864427512 17.22559522753706 -13.813100526334807 17.34861812171104 -13.790951188242104 17.471641015885027 -13.768801850149403 17.59466391005901 -13.7466525120567 17.71768680423299 -13.724503173963997 17.840709698406975 -13.702353835871294 17.96373259258096 -13.68020449777859 18.086755486754946 -13.658055159685889 18.209778380928928 -13.635905821593186 18.33280127510291 -13.613756483500483 18.455824169276895 -13.59160714540778 18.57884706345088 -13.569457807315075 18.70186995762486 -13.547308469222374 18.824892851798843 -13.525159131129671 18.94791574597283
F 4803 | 134.52023775165839 1.861138474000712 128.29512979771528 1.9553533863003736 122.07082442730679 2.0927147485901854 115.847620686456 2.2732159613598757 109.62581756825936 2.4968483524495655 103.40571399851949 2.763601177467323 97.1876088213847 3.0734616203046405 90.97180078499085 3.426414793753163 84.75858852710788 3.822443740218562 78.54827056079189 4.261529432536659 72.34114526004264 4.7436507748868095 66.13751084546992 5.26878460380531 59.93766536996302 5.836905689298955 53.74190670437254 6.44798673605651 47.55053252319878 7.101998384760666 41.36384029028958 7.79890921349824 35.18212724455033 8.538685739269969 29.005690385660767 9.321292419599336 22.834826459807207 10.14669165423976 16.669831945425095 11.014843786981587 10.511003038954664 11.92570710755736 4.358635640610286 12.879237853645087 -1.786974659836571 13.875390212972016 -7.925532597257118 14.914116325514204 -14.056743245353747 15.99536628579723
F 4803 | 134.5535707295661 4.8609840821633625 128.34933869244355 4.9549042334483815 122.14590660057844 5.091821541046281 115.94357236023595 5.271726906664062 109.74263385465744 5.494611294745461 103.54338898865574 5.7604657312191385 97.34613544960105 6.0692813155524385 91.15117176520447 6.421049164676304 84.95879580443668 6.8157584804678075 78.76930494394635 7.253386533003509 72.58299616997307 7.733906144126365 66.4001663640791 8.257290097183088 60.22111161692113 8.823511213114225 54.046130086436 9.432542086131004 47.87551793234101 10.084355454933212 41.70957198556725 10.778923962484908 35.54858918162807 11.516220201730281 29.392866150352734 12.296213190081522 23.24269802347173 13.118859831079464 17.098379488829913 13.984114492129846 10.960205142845203 14.891931612623337 4.828469552467029 15.84226569762524 -1.2965327189802938 16.835071314969394 -7.414507154238702 17.87030310309881 -13.525159131129694 18.947915745972846
F 4803 | 134.55357072956613 4.860984082163372 134.55218185548662 4.735990515156596 134.55079298140708 4.610996948149821 134.5494041073276 4.4860033811430435 134.5480152332481 4.361009814136269 134.54662635916856 4.236016247129493 134.54523748508905 4.1110226801227165 134.5438486110095 3.9860291131159404 134.54245973693 3.8610355461091643 134.5410708628505 3.736041979102388 134.53968198877098 3.611048412095613 134.53829311469144 3.4860548450888373 134.53690424061193 3.3610612780820612 134.53551536653242 3.236067711075285 134.5341264924529 3.11107414406851 134.5327376183734 2.986080577061733 134.53134874429387 2.8610870100549577 134.52995987021436 2.7360934430481816 134.52857099613482 2.6110998760414055 134.52718212205534 2.4861063090346294 134.5257932479758 2.3611127420278537 134.5244043738963 2.2361191750210785 134.52301549981678 2.1111256080143024 134.52162662573724 1.9861320410075263 134.52023775165776 1.8611384740007504
F 4305 | 1783.2618064246994 38.54022387111016 1783.2526210674312 38.55609019781056 1783.2434357101627 38.57195652451096 1783.2342503528944 38.587822851211364 1783.225064995626 38.60368917791177 1783.2158796383576 38.61955550461217 1783.2066942810893 38.63542183131258 1783.197508923821 38.651288158012974 1783.1883235665528 38.667154484713386 1783.1791382092842 38.68302081141378 1783.169952852016 38.69888713811419 1783.1607674947477 38.714753464814585 1783.1515821374792 38.730619791515 1783.142396780211 38.7464861182154 1783.1332114229426 38.7623524449158 1783.1240260656741 38.7782187716162 1783.1148407084058 38.79408509831661 1783.1056553511376 38.80995142501701 1783.0964699938693 38.82581775171741 1783.0872846366008 38.84168407841781 1783.0780992793325 38.85755040511822 1783.0689139220642 38.87341673181862 1783.0597285647957 38.88928305851903 1783.0505432075274 38.905149385219424 1783.0413578502591 38.92101571191983
F 4305 | 1.1921115748186182 13.224954779008907 1.189176807070208 13.206857866306075 1.186242039321798 13.188760953603241 1.183307271573388 13.170664040900405 1.1803725038249782 13.152567128197571 1.1774377360765682 13.134470215494737 1.1745029683281578 13.116373302791903 1.1715682005797479 13.098276390089069 1.168633432831338 13.080179477386233 1.165698665082928 13.0620825646834 1.162763897334518 13.043985651980567 1.1598291295861078 13.025888739277732 1.156894361837698 13.007791826574898 1.153959594089288 12.989694913872063 1.1510248263408778 12.971598001169228 1.1480900585924678 12.953501088466394 1.1451552908440576 12.93540417576356 1.1422205230956477 12.917307263060726 1.1392857553472377 12.899210350357892 1.1363509875988278 12.881113437655058 1.1334162198504178 12.863016524952224 1.1304814521020077 12.84491961224939 1.1275466843535975 12.826822699546554 1.1246119166051876 12.80872578684372 1.1216771488567776 12.790628874140886
F 4305 | 1783.2618064246994 38.54022387111016 1783.2526210674312 38.55609019781056 1783.2434357101627 38.57195652451096 1783.2342503528944 38.587822851211364 1783.225064995626 38.60368917791177 1783.2158796383576 38.61955550461217 1783.2066942810893 38.63542183131258 1783.197508923821 38.651288158012974 1783.1883235665528 38.667154484713386 1783.1791382092842 38.68302081141378 1783.169952852016 38.69888713811419 1783.1607674947477 38.714753464814585 1783.1515821374792 38.730619791515 1783.142396780211 38.7464861182154 1783.1332114229426 38.7623524449158 1783.1240260656741 38.7782187716162 1783.1148407084058 38.79408509831661 1783.1056553511376 38.80995142501701 1783.0964699938693 38.82581775171741 1783.0872846366008 38.84168407841781 1783.0780992793325 38.85755040511822 1783.0689139220642 38.87341673181862 1783.0597285647957 38.88928305851903 1783.0505432075274 38.905149385219424 1783.0413578502591 38.92101571191983
F 4305 | 1.1921115748186182 13.224954779008907 1.189176807070208 13.206857866306075 1.186242039321798 13.188760953603241 1.183307271573388 13.170664040900405 1.1803725038249782 13.152567128197571 1.1774377360765682 13.134470215494737 1.1745029683281578 13.116373302791903 1.1715682005797479 13.098276390089069 1.168633432831338 13.080179477386233 1.165698665082928 13.0620825646834 1.162763897334518 13.043985651980567 1.1598291295861078 13.025888739277732 1.156894361837698 13.007791826574898 1.153959594089288 12.989694913872063 1.1510248263408778 12.971598001169228 1.1480900585924678 12.953501088466394 1.1451552908440576 12.93540417576356 1.1422205230956477 12.917307263060726 1.1392857553472377 12.899210350357892 1.1363509875988278 12.881113437655058 1.1334162198504178 12.863016524952224 1.1304814521020077 12.84491961224939 1.1275466843535975 12.826822699546554 1.1246119166051876 12.80872578684372 1.1216771488567776 12.790628874140886
F 4305 | 1709.0711712990694 10.47623616727833 1705.6164179609382 9.757646439521373 1702.1555253704598 9.069232101102608 1698.6887570880049 8.411045577439324 1695.2163771214002 7.783136991983519 1691.7386499058239 7.185554162405127 1688.2558402836678 6.6183425969501 1684.7682134843694 6.081545490975282 1681.2760351042123 5.575203723658606 1677.7795710861003 5.0993558548860225 1674.2790876993056 4.6540381223150185 1670.7748515191909 4.2392844386150985 1667.2671294069087 3.8551263888849663 1663.7561884890779 3.501593228247557 1660.2422961374432 3.178711879621765 1656.7257199485114 2.8865069316723613 1653.2067277231745 2.6250006369374357 1649.6855874463147 2.394212910133864 1646.1625672663968 2.19416132664052 1642.6379354750472 2.02486112115996 1639.1119604866233 1.8863251865584019 1635.5849108177717 1.778564072883626 1632.05705506698 1.7015859865616156 1628.5286618941227 1.6553967897716682 1625 1.6399999999999748
F 4305 | 1709.1626524430292 10.045851222955482 1705.7041398520817 9.326479569488233 1702.2394813284257 8.637316140385654 1698.7689407192215 7.978413418111174 1695.2927823195737 7.349821580658167 1691.8112708524025 6.751588497728722 1688.3246714482855 6.183759727088233 1684.8332496252665 5.646378511096062 1681.3372712686346 5.139485773412334 1677.837002610677 4.663120115881547 1674.332710210404 4.217317815592814 1670.8246609332487 3.8021128221173983 1667.3131219307463 3.4175367549229563 1663.798360620187 3.063618900966014 1660.2806446642521 2.7403862124613654 1656.7602419506318 2.447863304829767 1653.2374205716221 2.1860724548231625 1649.7124488037102 1.9550335988282597 1646.1855950871438 1.7547643313484684 1642.657128005488 1.5852799036639165 1639.1273162651726 1.4465932226699896 1635.596428675027 1.3387148498943957 1632.0647341258123 1.2616530006928084 1628.5325015697417 1.2154135436234226 1625 1.1999999999999789
F 4305 | 1783.041357850259 38.921015711919694 1780.1608758859381 37.27862202165179 1777.259062907422 35.674217844009384 1774.336426660517 34.108067366829495 1771.3934745348106 32.58043464623579 1768.4307138161512 31.091583758873924 1765.4486519516659 29.641778934626174 1762.447796825273 28.231284668621473 1759.428657483546 26.86036482173005 1756.3917461001108 25.5292534003261 1753.3376136660797 24.238167625791757 1750.2667856446449 22.9873117855105 1747.1797949335066 21.77689355756729 1744.0771742618376 20.607120629322075 1740.9594564603779 19.47820080387788 1737.8271747444264 18.39034208696731 1734.6808630505295 17.343752621931603 1731.5210620178432 16.338622706319054 1728.3483240076082 15.37510611973362 1725.1632021030307 14.45335203815291 1721.9662495255045 13.573509677886978 1718.7580179275885 12.735727851890063 1715.5390593756351 11.940155555264738 1712.3099262044275 11.186941902339171 1709.0711712990694 10.47623616727838
F 4305 | 1783.261806424699 38.540223871109895 1780.3763023376666 36.894966650389975 1777.4694300479473 35.28776517396071 1774.5416981750575 33.71888411266693 1771.5936149886195 32.18858799412989 1768.6256886606939 30.697141354923335 1765.6384275305977 29.244808873178286 1762.632340380245 27.831855480480375 1759.6079371597805 26.458545462204768 1756.5657308482405 25.12511319269494 1753.506273552406 23.83177638234654 1750.4300915495028 22.578739660374005 1747.3377186620983 21.366211081736942 1744.229688548891 20.19439869839537 1741.1065349747216 19.06351066576076 1737.9687920934857 17.973755329539287 1734.816994784736 16.925341160637807 1731.6516846349352 15.918458771747488 1728.4734149567894 14.95326224524309 1725.2827397941521 14.029901048775645 1722.0802133240268 13.148524675060777 1718.8663881587468 12.309282201180014 1715.6418173295006 11.512322874256093 1712.4070541389847 10.75779604794494 1709.1626524430292 10.045851222955505
F 4305 | 145.0000000000001 1.6399999999999748 138.98215912305983 1.660156070554808 132.96458828491313 1.7206233777553592 126.94755751223657 1.8213992082498631 120.93133680747106 1.9624790399208614 114.91619613670855 2.1438565420878186 108.90240541757618 2.3655235757914506 102.89023450712467 2.6274701941588763 96.87995318971898 2.929684642850039 90.8718311649323 3.2721533605848396 84.86613803544424 3.6548609797518727 78.86314329494125 4.0777903270984295 72.86311631602608 4.5409224245002155 66.86632633812867 5.04423648981378 60.873042455424795 5.58770993780866 54.88353360476156 6.171318381181123 48.89806855358769 6.79503563164785 42.91691588789559 7.458833701122103 36.94034400016738 8.162682802968835 30.968621077331797 8.906551353341507 25.00201508872979 9.690405972599514 19.040793774089902 10.514211486805758 13.085224631514459 11.377930929305503 7.1355749054744235 12.281525542384376 1.1921115748198263 13.224954779008646
F 4305 | 145.0000000000001 1.1999999999999789 138.9792116966541 1.220165942622864 132.95869356436162 1.280662865584481 126.93871576205332 1.3814880542042385 120.91954842441224 1.5226369841497833 114.90146164975471 1.7041033216399493 108.88472548790848 1.9258789237291962 102.86960992809524 2.1879538386727626 96.85638488681533 2.490316306373419 90.84532019573574 2.8329527589091574 84.83668558958244 3.215847821141926 78.8307506940349 3.6389843114075227 72.82778501362957 4.1023432422868655 66.82805791966479 4.605903821457646 60.83183863811369 5.149643452627473 54.839396237543625 5.733537736548389 48.850999617040635 6.357560472110335 42.866917494145504 7.0216836575187624 36.887418392794025 7.725877491549515 30.91277063126788 8.470110374886763 24.943242310154435 9.25434891154142 18.97910130031616 10.07855791034884 13.020615230870918 10.942700386548543 7.06805147718112 11.846737563443565 1.121677148857969 12.79062887414062
F 4305 | 1625 1.64 1563.3333333333333 1.64 1501.6666666666667 1.64 1440 1.64 1378.3333333333335 1.64 1316.6666666666667 1.64 1255 1.64 1193.3333333333333 1.64 1131.6666666666665 1.64 1070 1.64 1008.3333333333333 1.64 946.6666666666666 1.64 885 1.64 823.3333333333334 1.64 761.6666666666669 1.64 700 1.64 638.3333333333334 1.64 576.6666666666669 1.64 515.0000000000001 1.64 453.33333333333337 1.64 391.66666666666686 1.64 330.00000000000006 1.64 268.3333333333333 1.64 206.66666666666674 1.64 145 1.64
F 4305 | 1625 1.2 1563.3333333333333 1.2 1501.6666666666667 1.2 1440 1.2 1378.3333333333335 1.2 1316.6666666666667 1.2 1255 1.2 1193.3333333333333 1.2 1131.6666666666665 1.2 1070 1.2 1008.3333333333333 1.2 946.6666666666666 1.2 885 1.2 823.3333333333334 1.2 761.6666666666669 1.2 700 1.2 638.3333333333334 1.2 576.6666666666669 1.2 515.0000000000001 1.2 453.33333333333337 1.2 391.66666666666686 1.2 330.00000000000006 1.2 268.3333333333333 1.2 206.66666666666674 1.2 145 1.2
F Tip-Mat | 1783.0406044453377 38.920579551366664 1783.0364293078346 38.92779153245887 1783.0322541703315 38.93500351355108 1783.0280790328284 38.94221549464329 1783.0239038953252 38.949427475735504 1783.019728757822 38.95663945682771 1783.015553620319 38.96385143791992 1783.0113784828159 38.97106341901213 1783.0072033453125 38.97827540010434 1783.0030282078096 38.98548738119655 1782.9988530703065 38.99269936228876 1782.9946779328031 38.999911343380965 1782.9905027953002 39.00712332447318 1782.9863276577971 39.01433530556539 1782.9821525202938 39.021547286657594 1782.9779773827906 39.028759267749805 1782.9738022452877 39.03597124884202 1782.9696271077844 39.04318322993423 1782.9654519702813 39.050395211026434 1782.9612768327784 39.05760719211864 1782.957101695275 39.06481917321086 1782.952926557772 39.07203115430306 1782.9487514202688 39.079243135395274 1782.9445762827656 39.086455116487485 1782.9404011452625 39.09366709757969
F Tip-Mat | 1783.0406044453377 38.920579551366664 1783.0364293078346 38.92779153245887 1783.0322541703315 38.93500351355108 1783.0280790328284 38.94221549464329 1783.0239038953252 38.949427475735504 1783.019728757822 38.95663945682771 1783.015553620319 38.96385143791992 1783.0113784828159 38.97106341901213 1783.0072033453125 38.97827540010434 1783.0030282078096 38.98548738119655 1782.9988530703065 38.99269936228876 1782.9946779328031 38.999911343380965 1782.9905027953002 39.00712332447318 1782.9863276577971 39.01433530556539 1782.9821525202938 39.021547286657594 1782.9779773827906 39.028759267749805 1782.9738022452877 39.03597124884202 1782.9696271077844 39.04318322993423 1782.9654519702813 39.050395211026434 1782.9612768327784 39.05760719211864 1782.957101695275 39.06481917321086 1782.952926557772 39.07203115430306 1782.9487514202688 39.079243135395274 1782.9445762827656 39.086455116487485 1782.9404011452625 39.09366709757969
F Tip-Mat | 1782.9404011452625 39.093667097579925 1780.0622279043862 37.4526026884032 1777.162741147226 35.84949692251467 1774.2424482056776 34.28461375948611 1771.3018560525998 32.758217032443625 1768.3414715543838 31.270570600335084 1765.361801736027 29.8219384806689 1762.3633540567193 28.412584961571877 1759.346637136291 27.042773701242517 1756.3121627695116 25.712738523745994 1753.2604814216693 24.422696419031464 1750.1921181692385 23.172851512670746 1747.107605471991 21.963411304618575 1744.0074756191104 20.794583309704 1740.892260999298 19.666575164093707 1737.7624943837918 18.579594712191366 1734.6187092631183 17.53384994149829 1731.4614458293427 16.52953099646696 1728.2912559935514 15.566791512465137 1725.1086923841451 14.645780527997191 1721.9143077698775 13.76664712880556 1718.7086533490058 12.929540002924817 1715.4922807312291 12.134608026022136 1712.2657417932783 11.382000198756053 1709.0295889609058 10.671865687425141
F Tip-Mat | 1783.0406044453384 38.9205795513669 1780.160148441996 37.278213559399106 1777.2583620189773 35.6738363154176 1774.3357529053026 34.10771199853299 1771.3928284738397 32.58010465618242 1768.4300959937866 31.091278356362995 1765.4480628956724 29.641497320326017 1762.447237046856 28.231026034580935 1759.4281274778682 26.860128350276124 1756.3912463494617 25.529038258684956 1753.3371446342974 24.237972972142376 1750.2663477786753 22.987136771514255 1747.1793886627536 21.776737328057198 1744.0767999982154 20.606982322322494 1740.9591145983404 19.478079550611934 1737.826865660988 18.390237011856676 1734.6805871053116 17.34366284244711 1731.5208195539549 16.338547330076633 1728.348115350476 15.375044247732081 1725.1630275598634 14.453302766475867 1721.9661093853263 13.573472097714488 1718.7579124613303 12.7357010495247 1715.5389888361224 11.940138612124215 1712.3098908263753 11.186933894951995 1709.0711712990694 10.47623616727838
F Tip-Mat | 1635.4532668092706 1.97520520020772 1635.4534823441002 1.9668746546564597 1635.45369787893 1.9585441091051996 1635.4539134137597 1.9502135635539395 1635.4541289485894 1.9418830180026794 1635.454344483419 1.9335524724514195 1635.4545600182487 1.9252219269001591 1635.4547755530782 1.916891381348899 1635.4549910879077 1.908560835797639 1635.4552066227375 1.9002302902463788 1635.455422157567 1.8918997446951185 1635.4556376923967 1.8835691991438586 1635.4558532272263 1.8752386535925984 1635.4560687620558 1.8669081080413383 1635.4562842968855 1.858577562490078 1635.456499831715 1.8502470169388179 1635.4567153665448 1.8419164713875578 1635.4569309013746 1.8335859258362979 1635.4571464362043 1.8252553802850375 1635.4573619710338 1.8169248347337774 1635.4575775058634 1.8085942891825173 1635.457793040693 1.8002637436312572 1635.4580085755226 1.791933198079997 1635.4582241103524 1.783602652528737 1635.458439645182 1.7752721069774768
F Tip-Mat | 1709.0295889609058 10.67186568742512 1706.0033540242373 10.04070633861348 1702.9723800146521 9.432712449891135 1699.936844258225 8.847919591727926 1696.8969243479148 8.28636197722582 1693.8527981331736 7.748072460116607 1690.8046437095409 7.233082532840496 1687.7526394082272 6.74142232470315 1684.6969637856762 6.273120600113147 1681.637795613123 5.828204756899269 1678.575313866132 5.4067008247074 1675.509697714128 5.008633463477851 1672.441126509912 4.634025962002408 1669.36977977917 4.282900236562027 1666.2958372099692 3.9552768296445273 1663.2194786422451 3.6511749087428935 1660.1408840572806 3.370612265233719 1657.060233567176 3.1136053133363206 1653.9777074043116 2.8801690891526732 1650.8934859108028 2.670317249787446 1647.8077495279508 2.484062072549198 1644.7206787856837 2.321414454232007 1641.6324542919967 2.1823839104778697 1638.5432567223843 2.066978575220202 1635.4532668092706 1.9752052002077192
F Tip-Mat | 1709.0711712990694 10.47623616727833 1706.0434388193798 9.844764487039193 1703.0109649216267 9.236469730398822 1699.9739270196355 8.651387485429318 1696.932502794247 8.089551982163101 1693.8868701829226 7.5509960905897895 1690.837207369334 7.035751318733685 1687.7836927729381 6.543847810810021 1684.7265050385392 6.075314345461602 1681.6658230258374 5.630178334075087 1678.6018257989638 5.2084658191772775 1675.5346926160055 4.810201472911501 1672.4646029185176 4.435408595594048 1669.3917363210242 4.084109114351309 1666.3162726005125 3.7563235818365848 1663.2383916859121 3.452071175027882 1660.1582736475705 3.1713696941060854 1657.0760986867163 2.9142355614130144 1653.9920471249195 2.6806838204913586 1650.906299393538 2.4707281352040478 1647.8190360231647 2.284380788935114 1644.730437633064 2.1216526838709338 1641.640684920605 1.9825533403623474 1638.549958650691 1.8670908963678845 1635.458439645182 1.7752721069774768
F Tail-Mat | 1.2243687686119753 13.422336473551649 1.2230347855129045 13.41411060377783 1.2217008024138336 13.40588473400401 1.2203668193147625 13.397658864230191 1.2190328362156917 13.38943299445637 1.2176988531166206 13.381207124682552 1.2163648700175498 13.372981254908732 1.2150308869184787 13.364755385134913 1.2136969038194079 13.356529515361093 1.212362920720337 13.348303645587274 1.211028937621266 13.340077775813453 1.209694954522195 13.331851906039635 1.208360971423124 13.323626036265814 1.2070269883240532 13.315400166491996 1.2056930052249821 13.307174296718175 1.2043590221259113 13.298948426944357 1.2030250390268404 13.290722557170536 1.2016910559277696 13.282496687396717 1.2003570728286985 13.274270817622897 1.1990230897296277 13.266044947849078 1.1976891066305566 13.257819078075258 1.1963551235314858 13.24959320830144 1.1950211404324147 13.241367338527619 1.1936871573333439 13.2331414687538 1.192353174234273 13.22491559897998
F Tail-Mat | 1.2243687686119753 13.422336473551649 1.2230347855129045 13.41411060377783 1.2217008024138336 13.40588473400401 1.2203668193147625 13.397658864230191 1.2190328362156917 13.38943299445637 1.2176988531166206 13.381207124682552 1.2163648700175498 13.372981254908732 1.2150308869184787 13.364755385134913 1.2136969038194079 13.356529515361093 1.212362920720337 13.348303645587274 1.211028937621266 13.340077775813453 1.209694954522195 13.331851906039635 1.208360971423124 13.323626036265814 1.2070269883240532 13.315400166491996 1.2056930052249821 13.307174296718175 1.2043590221259113 13.298948426944357 1.2030250390268404 13.290722557170536 1.2016910559277696 13.282496687396717 1.2003570728286985 13.274270817622897 1.1990230897296277 13.266044947849078 1.1976891066305566 13.257819078075258 1.1963551235314858 13.24959320830144 1.1950211404324147 13.241367338527619 1.1936871573333439 13.2331414687538 1.192353174234273 13.22491559897998
F Tail-Mat | 134.51846001080852 1.7011483256503812 134.51855723927662 1.7094810917619117 134.51865446774465 1.7178138578734423 134.51875169621275 1.7261466239849728 134.5188489246808 1.7344793900965032 134.51894615314887 1.7428121562080336 134.51904338161697 1.7511449223195643 134.51914061008503 1.7594776884310948 134.5192378385531 1.7678104545426254 134.51933506702116 1.7761432206541559 134.51943229548925 1.7844759867656865 134.51952952395732 1.792808752877217 134.51962675242538 1.8011415189887474 134.51972398089345 1.8094742851002779 134.51982120936154 1.8178070512118085 134.5199184378296 1.826139817323339 134.52001566629767 1.8344725834348696 134.52011289476573 1.8428053495464 134.52021012323382 1.8511381156579307 134.5203073517019 1.859470881769461 134.52040458016995 1.8678036478809916 134.52050180863804 1.876136413992522 134.52059903710608 1.8844691801040527 134.52069626557417 1.8928019462155832 134.52079349404224 1.9011347123271138
F Tail-Mat | 134.52079349404312 1.9011347123271127 128.94151899043268 1.983568754075904 123.3628642807249 2.100662681018717 117.78504467894334 2.2524119737925563 112.20827546688128 2.438810775474698 106.63277188578958 2.6598518918078407 101.05874912807192 2.915526791478551 95.486422328978 3.205825606446222 89.91600655829912 3.530737132323769 84.34771681206954 3.8902488288105053 78.78176800426743 4.284346820175644 73.2183749585188 4.713015895794315 67.65775239980847 5.176239510734315 62.100114946191496 5.673999786394712 56.545677100508435 6.20627751119629 50.99465324210924 6.7730521413224 45.447257618575804 7.3743018015121065 39.90370433745574 8.010003285904954 34.36420735799743 8.680132058935808 28.828980482890827 9.384662256282649 23.298237350018276 10.123566685864116 17.772191424205914 10.896816828889433 12.251055988987346 11.704382840959205 6.735044138370699 12.546233553216602 1.2243687686127602 13.42233647355162
F Tail-Mat | 134.518460010809 1.7011483256503812 128.93794312844568 1.7836007236033957 123.3580461779991 1.9007207247261348 117.77898452143847 2.0525038086491865 112.20097348849549 2.238944117145536 106.62422836835036 2.4600344543561636 101.04896440132569 2.7157662870677113 95.47539677057576 3.0061297450421076 89.90374059378422 3.3311136213975967 84.33421091486015 3.6907053730406147 78.76702269563701 4.0848911211509575 73.20239080757877 4.513655651716575 67.64053002348349 4.97698241612099 62.08165500919684 5.474853531782342 56.52598031532552 6.00724978284306 50.9737203689553 6.574150620912045 45.42508946537784 7.175534165857367 39.880301759816454 7.811377206650927 34.339571259163414 8.481655202264292 28.803111813718946 9.186342282615723 23.271137108936106 9.925411249569027 17.74386065717648 10.698833577982958 12.22149578946588 11.506579416812212 6.7042556472640955 12.348617590259735 1.192353174235078 13.22491559897987
F Tip-Shear | 1799.6658381441525 49.55252976641674 1799.6611121370145 49.55939338798081 1799.6563861298764 49.56625700954489 1799.6516601227381 49.57312063110897 1799.6469341156 49.57998425267304 1799.642208108462 49.586847874237115 1799.637482101324 49.59371149580119 1799.6327560941859 49.600575117365274 1799.6280300870476 49.607438738929346 1799.6233040799095 49.61430236049342 1799.6185780727715 49.62116598205749 1799.6138520656332 49.62802960362157 1799.609126058495 49.63489322518565 1799.6044000513568 49.64175684674972 1799.5996740442188 49.648620468313794 1799.5949480370807 49.65548408987787 1799.5902220299427 49.66234771144195 1799.5854960228044 49.669211333006025 1799.5807700156663 49.6760749545701 1799.5760440085282 49.68293857613418 1799.5713180013902 49.68980219769825 1799.5665919942521 49.69666581926233 1799.5618659871138 49.7035294408264 1799.5571399799758 49.71039306239047 1799.5524139728377 49.71725668395455
F Tip-Shear | 1799.552413972838 49.71725668395464 1796.1288589598523 47.40106853306682 1792.6678006955633 45.141305494930904 1789.1701630677921 42.938583809063154 1785.6368708389496 40.79352040855304 1782.068855527644 38.70672454923628 1778.4670879482849 36.67874047230234 1774.832551942319 34.710080216493374 1771.1662384056276 32.80125954128629 1767.4691301892144 30.952789997282775 1763.7422125849967 29.165184672146175 1759.986472214599 27.438957263769257 1756.202911401569 25.774591353407164 1752.392563572704 24.172500790900973 1748.5564566425728 22.633086072326403 1744.695640920496 21.156756763339914 1740.8111439323025 19.743913384614263 1736.9040008539746 18.394959759563182 1732.9752498715975 17.11029626839941 1729.0259506383795 15.890261906107824 1725.0571771214138 14.735147647700764 1721.0700023249815 13.64524288621205 1717.0654993361165 12.620837133860793 1713.0447401248412 11.662219736861436 1709.008797791824 10.769680447498521
F Tip-Shear | 1799.6658381441525 49.55252976641676 1796.2395667099602 47.23450384873016 1792.7757622548625 44.97294783480928 1789.275349405525 42.768478446524675 1785.7392536711302 40.62171308717913 1782.1684073247632 38.5332614704825 1778.563781942744 36.50366828308801 1774.9263621000428 34.533445977718266 1771.2571395331115 32.62311076911804 1767.557097840818 30.77317459627601 1763.827223105498 28.984150942111576 1760.0685027456018 27.256553886652835 1756.2819398876652 25.59086738004701 1752.468568767404 23.98750562777588 1748.6294180077282 22.44686942646758 1744.7655389389765 20.96936875140721 1740.8779598019128 19.55540439391508 1736.9677166024712 18.205380479588758 1733.0358483612765 16.919697676983183 1729.0834155706177 15.69869525565451 1725.111493041155 14.54266445138651 1721.1211546250834 13.451894904079696 1717.1134742655063 12.42667635987808 1713.0895247818198 11.467298382199766 1709.0503801299874 10.574050927351761
F Tip-Shear | 1634.951210501026 2.062558049437223 1634.9514157347887 2.0542272437410714 1634.9516209685514 2.045896438044919 1634.9518262023141 2.0375656323487674 1634.9520314360768 2.029234826652616 1634.9522366698397 2.020904020956464 1634.9524419036024 2.0125732152603124 1634.9526471373651 2.00424240956416 1634.9528523711278 1.9959116038680085 1634.9530576048908 1.9875807981718567 1634.9532628386535 1.9792499924757052 1634.953468072416 1.9709191867795535 1634.9536733061789 1.9625883810834013 1634.9538785399416 1.9542575753872495 1634.9540837737045 1.945926769691098 1634.9542890074672 1.9375959639949463 1634.95449424123 1.9292651582987943 1634.9546994749926 1.9209343526026426 1634.9549047087553 1.9126035469064908 1634.9551099425182 1.904272741210339 1634.9553151762807 1.8959419355141873 1634.9555204100436 1.8876111298180354 1634.9557256438063 1.8792803241218838 1634.9559308775692 1.8709495184257319 1634.956136111332 1.8626187127295801
F Tip-Shear | 1709.0087977918238 10.769680447498487 1705.9629160473444 10.134505387106696 1702.9122335693655 9.52280335404837 1699.8569312495133 8.934610619477922 1696.79719025335 8.369962060555292 1693.733192009631 7.828891158377482 1690.6651181995478 7.311429995993713 1687.5931507459532 6.817609256502378 1684.5174718025767 6.347458221232449 1681.4382637432213 5.901004768006645 1678.3557091509513 5.47827536948875 1675.2699908072648 5.079295091613534 1672.1812916812564 4.704087592100947 1669.089794918767 4.352675119052907 1665.9956838315252 4.0250785096343495 1662.8991418862765 3.721317188837503 1659.8003526939062 3.4414091683301895 1656.6994999985504 3.185371045387797 1653.5967676667017 2.953218001909008 1650.4923396763068 2.7449638035157986 1647.386400105857 2.560620798736979 1644.2791331234741 2.4001999182762246 1641.1707229759884 2.263710674363817 1638.0613539780154 2.1511611601923164 1634.9512105010258 2.062558049437224
F Tip-Shear | 1709.0503801299874 10.574050927351752 1706.002990747165 9.938561470553331 1702.9507982545954 9.326556659673301 1699.8939836334412 8.738072783819606 1696.832728138938 8.173144737415427 1693.7672132896437 7.631806018130183 1690.6976208566775 7.114088724893386 1687.6241328529402 6.620023555990839 1684.5469315223224 6.149639807245089 1681.4661993288983 5.702965370277646 1678.382118946106 5.280026730855647 1675.2948732459163 4.880848967320938 1672.2046452879886 4.5054557491034375 1669.1116183088175 4.153869335317362 1666.0159757108656 3.8261105734415657 1662.9179010516907 3.5221988980830843 1659.817578033061 3.242152329825221 1656.7151904900609 2.9859874741585135 1653.6109223801932 2.753719520496356 1650.504957772469 2.5453622412743293 1647.397480836494 2.3609279911335768 1644.288675831549 2.200427706188113 1641.1787270956618 2.063870903376508 1638.0678190346794 1.951265679897396 1634.956136111332 1.8626187127295246
F Tail-Shear | -18.723568928435142 16.990171868208282 -18.72508816219948 16.981978189351157 -18.72660739596382 16.97378451049404 -18.72812662972816 16.965590831636916 -18.7296458634925 16.95739715277979 -18.731165097256838 16.949203473922672 -18.73268433102118 16.941009795065547 -18.734203564785517 16.932816116208425 -18.73572279854986 16.924622437351303 -18.737242032314196 16.91642875849418 -18.738761266078537 16.90823507963706 -18.74028049984288 16.900041400779937 -18.741799733607216 16.891847721922815 -18.743318967371557 16.88365404306569 -18.744838201135895 16.87546036420857 -18.746357434900233 16.86726668535145 -18.74787666866457 16.859073006494324 -18.749395902428912 16.850879327637205 -18.75091513619325 16.84268564878008 -18.75243436995759 16.834491969922958 -18.753953603721932 16.82629829106584 -18.75547283748627 16.818104612208714 -18.75699207125061 16.809910933351592 -18.75851130501495 16.80171725449447 -18.76003053877929 16.793523575637348
F Tail-Shear | 135.01953868879207 1.795447577771614 135.01963127947954 1.80378039670695 135.019723870167 1.812113215642286 135.01981646085449 1.8204460345776219 135.01990905154196 1.8287788535129579 135.02000164222943 1.8371116724482939 135.02009423291688 1.8454444913836299 135.02018682360438 1.8537773103189659 135.02027941429185 1.8621101292543019 135.0203720049793 1.8704429481896379 135.02046459566677 1.8787757671249739 135.02055718635424 1.8871085860603098 135.0206497770417 1.8954414049956458 135.02074236772918 1.9037742239309818 135.02083495841666 1.9121070428663178 135.02092754910413 1.9204398618016538 135.02102013979157 1.9287726807369898 135.02111273047908 1.9371054996723258 135.02120532116655 1.9454383186076618 135.021297911854 1.9537711375429978 135.02139050254146 1.9621039564783338 135.02148309322894 1.9704367754136698 135.0215756839164 1.9787695943490058 135.02166827460388 1.9871024132843418 135.02176086529136 1.9954352322196778
F Tail-Shear | 135.0217608652924 1.9954352322196778 128.57805884028642 2.090158507800366 122.13520244165885 2.231118476132443 115.69352343587299 2.4183078786664813 109.25335352876264 2.651717076329052 102.8150243484529 2.9313340500189966 96.37886742828269 3.257144401226042 89.94521418973441 3.629131352772097 83.51439592536548 4.047275749675783 77.08674378174995 4.511556060138533 70.66258874242793 5.021948376652818 64.24226161085947 5.57842641723405 57.826092993391505 6.1809615267733875 51.41441328223494 6.829522678513555 45.00755263844912 7.524076475646457 38.60584097494224 8.2645871530328 32.20960793948205 9.051016579043946 25.819182897722754 9.88332425752525 19.434894916242314 10.761467329881702 13.057072745598724 11.685400577284177 6.686044803402846 12.655076422998789 0.32213915740431087 13.670444934836379 -6.034316491400126 14.731453827723563 -12.382994825641925 15.83804846639536 -18.723568928434105 16.99017186820806
F Tail-Shear | 135.01953868879275 1.795447577771725 128.57440163672285 1.890191948440867 122.13011039935428 2.0311833088777487 115.6869968170355 2.2184143989164573 109.24539266947194 2.4518755773371703 102.80562965864301 2.731554822361648 96.36803939172088 3.0574377322732937 89.93295336399626 3.4295075261575603 83.50070294180614 3.847745044767481 77.07161934547175 4.312128751508881 70.64603363224391 4.822634733550268 64.22427667925336 5.379236703053958 57.80667916647424 5.981905998529546 51.393571559695346 6.6306115863101756 44.985284093504845 7.325320062149809 38.58214675428285 8.065995652944524 32.184489263210494 8.852600218573592 25.79264105929234 9.685093253863686 19.40693128239032 10.563431890674991 13.027688756276328 11.487570900108324 6.6552419716993105 12.457462694834497 0.289919069471567 13.473057331543803 -6.067952176430774 14.53430251351917 -12.418044375744925 15.641143593328133 -18.760030538778672 16.793523575637124
F base 4101 | 1783.7507388710337 37.4367313343503 1783.7257100123438 37.48001593014012 1783.7006811536542 37.523300525929926 1783.6756522949645 37.56658512171975 1783.6506234362746 37.609869717509554 1783.6255945775847 37.65315431329937 1783.600565718895 37.69643890908918 1783.5755368602054 37.739723504878995 1783.5505080015155 37.783008100668816 1783.5254791428256 37.82629269645862 1783.5004502841362 37.869577292248444 1783.4754214254463 37.91286188803825 1783.4503925667564 37.95614648382807 1783.4253637080667 37.999431079617885 1783.400334849377 38.0427156754077 1783.3753059906871 38.08600027119751 1783.3502771319972 38.12928486698732 1783.3252482733076 38.17256946277714 1783.300219414618 38.21585405856695 1783.275190555928 38.25913865435677 1783.2501616972384 38.30242325014658 1783.2251328385485 38.345707845936396 1783.2001039798588 38.38899244172621 1783.1750751211691 38.43227703751602 1783.1500462624792 38.47556163330584
F base 4101 | 0.8189735097382388 12.83977117985338 0.8109527583758522 12.79041869716423 0.8029320070134658 12.741066214475081 0.7949112556510792 12.691713731785931 0.7868905042886927 12.642361249096782 0.7788697529263062 12.593008766407634 0.7708490015639197 12.543656283718484 0.7628282502015331 12.494303801029334 0.7548074988391467 12.444951318340186 0.7467867474767601 12.395598835651036 0.7387659961143735 12.346246352961886 0.7307452447519871 12.296893870272736 0.7227244933896005 12.247541387583587 0.714703742027214 12.198188904894437 0.7066829906648275 12.148836422205289 0.698662239302441 12.099483939516139 0.6906414879400544 12.050131456826989 0.682620736577668 12.000778974137841 0.6745999852152814 11.951426491448691 0.6665792338528949 11.902074008759541 0.6585584824905084 11.852721526070393 0.6505377311281219 11.803369043381243 0.6425169797657353 11.754016560692094 0.6344962284033488 11.704664078002946 0.6264754770409623 11.655311595313796
F base 4101 | 1783.7507388710337 37.4367313343503 1783.7257100123438 37.48001593014012 1783.7006811536542 37.523300525929926 1783.6756522949645 37.56658512171975 1783.6506234362746 37.609869717509554 1783.6255945775847 37.65315431329937 1783.600565718895 37.69643890908918 1783.5755368602054 37.739723504878995 1783.5505080015155 37.783008100668816 1783.5254791428256 37.82629269645862 1783.5004502841362 37.869577292248444 1783.4754214254463 37.91286188803825 1783.4503925667564 37.95614648382807 1783.4253637080667 37.999431079617885 1783.400334849377 38.0427156754077 1783.3753059906871 38.08600027119751 1783.3502771319972 38.12928486698732 1783.3252482733076 38.17256946277714 1783.300219414618 38.21585405856695 1783.275190555928 38.25913865435677 1783.2501616972384 38.30242325014658 1783.2251328385485 38.345707845936396 1783.2001039798588 38.38899244172621 1783.1750751211691 38.43227703751602 1783.1500462624792 38.47556163330584
F base 4101 | 0.8189735097382388 12.83977117985338 0.8109527583758522 12.79041869716423 0.8029320070134658 12.741066214475081 0.7949112556510792 12.691713731785931 0.7868905042886927 12.642361249096782 0.7788697529263062 12.593008766407634 0.7708490015639197 12.543656283718484 0.7628282502015331 12.494303801029334 0.7548074988391467 12.444951318340186 0.7467867474767601 12.395598835651036 0.7387659961143735 12.346246352961886 0.7307452447519871 12.296893870272736 0.7227244933896005 12.247541387583587 0.714703742027214 12.198188904894437 0.7066829906648275 12.148836422205289 0.698662239302441 12.099483939516139 0.6906414879400544 12.050131456826989 0.682620736577668 12.000778974137841 0.6745999852152814 11.951426491448691 0.6665792338528949 11.902074008759541 0.6585584824905084 11.852721526070393 0.6505377311281219 11.803369043381243 0.6425169797657353 11.754016560692094 0.6344962284033488 11.704664078002946 0.6264754770409623 11.655311595313796
F base 4101 | 1625 1.2 1563.3333333333333 1.2 1501.6666666666667 1.2 1440 1.2 1378.3333333333335 1.2 1316.6666666666667 1.2 1255 1.2 1193.3333333333333 1.2 1131.6666666666665 1.2 1070 1.2 1008.3333333333333 1.2 946.6666666666666 1.2 885 1.2 823.3333333333334 1.2 761.6666666666669 1.2 700 1.2 638.3333333333334 1.2 576.6666666666669 1.2 515.0000000000001 1.2 453.33333333333337 1.2 391.66666666666686 1.2 330.00000000000006 1.2 268.3333333333333 1.2 206.66666666666674 1.2 145 1.2
F base 4101 | 1625 0 1563.3333333333333 0 1501.6666666666667 0 1440 0 1378.3333333333335 0 1316.6666666666667 0 1255 0 1193.3333333333333 0 1131.6666666666665 0 1070 0 1008.3333333333333 0 946.6666666666666 0 885 0 823.3333333333334 0 761.6666666666669 0 700 0 638.3333333333334 0 576.6666666666669 0 515.0000000000001 0 453.33333333333337 0 391.66666666666686 0 330.00000000000006 0 268.3333333333333 0 206.66666666666674 0 145 0
F base 4101 | 1709.1626524430292 10.045851222955482 1705.7041398520817 9.326479569488233 1702.2394813284257 8.637316140385654 1698.7689407192215 7.978413418111174 1695.2927823195737 7.349821580658167 1691.8112708524025 6.751588497728722 1688.3246714482855 6.183759727088233 1684.8332496252665 5.646378511096062 1681.3372712686346 5.139485773412334 1677.837002610677 4.663120115881547 1674.332710210404 4.217317815592814 1670.8246609332487 3.8021128221173983 1667.3131219307463 3.4175367549229563 1663.798360620187 3.063618900966014 1660.2806446642521 2.7403862124613654 1656.7602419506318 2.447863304829767 1653.2374205716221 2.1860724548231625 1649.7124488037102 1.9550335988282597 1646.1855950871438 1.7547643313484684 1642.657128005488 1.5852799036639165 1639.1273162651726 1.4465932226699896 1635.596428675027 1.3387148498943957 1632.0647341258123 1.2616530006928084 1628.5325015697417 1.2154135436234226 1625 1.1999999999999789
F base 4101 | 1709.4121464720104 8.872074102074912 1705.9433813733822 8.150569923943252 1702.4684521228774 7.459363520248452 1698.987623349812 6.798507529034492 1695.5011601327737 6.168052277043534 1692.0093279794353 5.568045775884101 1688.5123928063338 4.99853371837411 1685.010620918622 4.45955947506177 1681.5042789897868 3.9511640909224988 1677.993634041341 3.473386282232982 1674.47895342249 3.02626243362325 1670.9605047897703 2.609826595305509 1667.4385560866674 2.224110480481045 1663.9133755232112 1.8691434629254378 1660.3852315555494 1.5449525747512904 1656.8543928655051 1.2515625043500456 1653.321128340115 0.9889955945113771 1649.785707051152 0.7572718407220513 1646.2483982346355 0.5564088896430341 1642.7094712703265 0.38642203776573236 1639.1691956612156 0.2473242302471479 1635.6278410129964 0.13912605992377758 1632.085677013537 0.061835766505147216 1628.5429734123397 0.01545923594642451 1625 0
F base 4101 | 1783.1500462624792 38.475561633305794 1780.2683943544619 36.834410445495806 1777.3654623043628 35.23120166035076 1774.441756245914 33.6661986557687 1771.497781973973 32.13966467319659 1768.5340451952325 30.651862967889155 1765.5510517912776 29.20305693977453 1762.5493080920319 27.79351024379209 1759.5293216762673 26.42348571637811 1756.4916036151617 25.093215498370945 1753.4367032782643 23.80291597102302 1750.3651444415775 22.55279079802134 1747.277458330736 21.343047023088506 1744.1741760143493 20.173891689555965 1741.0558286719868 19.045531945512362 1737.9229478749203 17.958175129518057 1734.7760659278372 16.912028681895166 1731.6157219720862 15.907281755023108 1728.4424667005358 14.944087455857316 1725.2568514593343 14.022594523824507 1722.0594277330904 13.142951725464242 1718.8507454548162 12.30530741544713 1715.6313549744416 11.509810117464028 1712.40180691319 10.756608461301974 1709.1626524430292 10.045851222955505
F base 4101 | 1783.7507388710337 37.436731334350405 1780.8554089158556 35.78779021602802 1777.9386975273517 34.17697142974217 1775.0011133001938 32.60453972473404 1772.0431644698774 31.070759657164075 1769.0653591657424 29.575895744849902 1766.068205675078 28.12021260154051 1763.0522127174052 26.7039750502447 1760.0178902483578 25.327447053569983 1756.965760996382 23.990865836061644 1753.8963594633951 22.69444125701634 1750.8102199967038 21.438381649526015 1747.7078765003955 20.222895158723407 1744.589862701223 19.04818987358773 1741.4567124235764 17.91447393731079 1738.3089598725321 16.821955635835646 1735.1471399742136 15.77084331040353 1731.9717944756278 14.761326968700141 1728.7834766518533 13.793560527365353 1725.5827403705855 12.867693481507336 1722.370138976115 11.98387514323776 1719.1462255652677 11.14225474921723 1715.911553270298 10.342981545999244 1712.666675547718 9.58620485289457 1709.4121464720104 8.87207410207494
F base 4101 | 145.0000000000001 1.1999999999999789 138.9664342050997 1.2202516279092857 132.93314030501332 1.2810055990239988 126.90039018230253 1.3822591755451308 120.8684556950242 1.5240077946115926 114.83760866447996 1.7062450685059183 108.80812086296557 1.9289627849419233 102.78026400152598 2.192150907434298 96.75430971770963 2.4957975757520234 90.73052956332766 2.8398891064520537 84.70919499221701 3.224409993495936 78.69057734800748 3.649342908948583 72.67494785189457 4.114668703759872 66.66257759041548 4.620366408626397 60.65373750323551 5.166413234937273 54.64869837093675 5.752784575800751 48.647730802816284 6.379454007153229 42.65110522469136 7.046393288949848 36.65909186671313 7.753572366437145 30.671960751188998 8.500959371507522 24.689981680414476 9.288520624135433 18.713424224515247 10.116220633894834 12.742557709297719 10.9840221015588 6.77765120411472 11.891885920779943 0.818973509738502 12.839771179853464
F base 4101 | 145.0000000000001 0 138.95837871004642 0.02027866613085738 132.9170296779172 0.0811137506916415 126.87622514916849 0.1825025122281776 120.83623734481768 0.3244403817873609 114.79733844907874 0.5069209631234362 108.75980059709504 0.7299360329858784 102.72389586267622 0.9934755414896523 96.68989624603806 1.2975276125688495 90.65807366154345 1.6420785445113717 84.62869992545134 2.027112810576659 78.60204674366611 2.452613059694908 72.57838569949391 2.918560117249558 66.55798824140442 3.4249329859410427 60.54112567079696 3.9717088467329242 54.52806912977685 4.558863059880625 48.519089588935266 5.186369166041316 42.514457835139005 5.8541988874663 36.51444445932636 6.562322129276099 30.519319844315564 7.3107069808151515 24.52935415261877 8.099319717091547 18.54481731426799 8.928124800295144 12.565979014651397 9.797084881400519 6.593108682358684 10.706160801849052 0.6264754770420322 11.655311595313744
P spline | -413.05882927532457 79.32327693662879 -421.24222556555975 79.19175786029054 -429.4256900806823 79.06455124743839 -437.6091996841563 78.94027670362014 -445.79273723733615 78.81785608958283 -453.976316218197 78.69823997078666 -462.1599609247968 78.5832136605201 -470.3436882734277 78.47422817173806 -478.5274892309931 78.37091377670771 -486.7113480829371 78.27228846882562 -494.89525227707804 78.17749842827493 -503.0791957836065 78.08616480618863 -511.26317424610846 77.99801833124542 -519.4471833822766 77.91276644011843 -527.6312175066413 77.82994693624465 -535.815270598692 77.7490225490774 -543.9993370078781 77.66945567088267 -552.183411409213 77.59071473520021 -560.3674891865011 77.51232532269191 -568.5515660872135 77.43384448474791 -576.7356378471483 77.35482960061722 -584.919700115457 77.27483805059752 -593.1037482488161 77.19341381139303 -601.287776685746 77.11003430530506 -609.4717792744922 77.02415634057161 -617.6557494368237 76.93524318626163 -625.8396875939283 76.8434291309305 -634.0236085868643 76.75009584086409 -642.2075295597889 76.65676079401149 -650.3914678007103 76.56495431547572 -658.575447259772 76.47690861993853 -666.7594992439523 76.39590592705085 -674.9436443396612 76.32495135182319 -683.127864217136 76.26318840904756 -691.3121274499968 76.20744045207111 -699.4964146746105 76.15532631158531 -707.6807185945534 76.10590036493781 -715.8650336994399 76.05836021033545 -724.049355198152 76.01193260233458 -732.233687352584 75.96743231364378 -740.418045562946 75.92804688846431
P spline | -740.418045562946 75.92804688846431 -744.5425899094347 75.92807781837875 -748.667134255959 75.92806264584127 -752.79167859676 75.92827470532204 -756.916222864237 75.92765249758828 -761.0407666750089 75.92555295602918 -765.1653109064305 75.92478603837338 -769.2898552407897 75.92509788810827 -773.4143995862572 75.92503373510957 -777.5389439321868 75.92496739326995 -781.6634882786738 75.92493663780553 -785.7880326241258 75.92483792575935 -789.9125769695694 75.9247384197975 -794.0371213151576 75.92464500567239 -798.161665660557 75.92454363575999 -802.2862100056083 75.92442900904713 -806.4107543502546 75.92430060029503 -810.5352986942878 75.92415391394957 -814.6598430370369 75.92397513581692 -818.7843873766343 75.92373481552372 -822.9089317082789 75.92338512406427 -827.0334760241038 75.92288325533492 -831.1580203183813 75.92222615182544 -835.2825645794858 75.92138881079984 -839.4071088007196 75.92037675146027 -843.5316529773685 75.91918509604074 -847.6561967380228 75.91703245153444 -851.7807400613077 75.91415098420873 -855.9052833971728 75.91128033708509 -860.0298120846072 75.90041803998672 -864.1543436459756 75.89183346580165 -868.2788737903243 75.8914179226662 -872.4018142988245 75.7836843282656 -876.525006442857 75.69901724323665 -880.6484106089207 75.7908153133048 -884.7551892214015 75.45345829136978 -888.8488207313271 74.96223664954688 -892.9721290333885 74.96544529664158 -897.0960954618014 75.02004478977595 -901.2205715947795 74.99701449315776 -905.3451138777287 75
P line | -905.3451138777287 75 -905.3451138777287 71.25 -905.3451138777287 67.5 -905.3451138777287 63.75 -905.3451138777287 60 -905.3451138777287 56.24999999999999 -905.3451138777287 52.49999999999999 -905.3451138777287 48.74999999999999 -905.3451138777287 45 -905.3451138777287 41.24999999999999 -905.3451138777287 37.5 -905.3451138777287 33.74999999999999 -905.3451138777287 29.999999999999993 -905.3451138777287 26.249999999999996 -905.3451138777287 22.499999999999993 -905.3451138777287 18.750000000000004 -905.3451138777287 15 -905.3451138777287 11.249999999999996 -905.3451138777287 7.499999999999993 -905.3451138777287 3.7499999999999893 -905.3451138777287 0 -905.3451138777287 -3.7500000000000036 -905.3451138777287 -7.500000000000007 -905.3451138777287 -11.25000000000001 -905.3451138777287 -15.000000000000014 -905.3451138777287 -18.750000000000004 -905.3451138777287 -22.500000000000007 -905.3451138777287 -26.25000000000001 -905.3451138777287 -30.000000000000014 -905.3451138777287 -33.750000000000014 -905.3451138777287 -37.49999999999999 -905.3451138777287 -41.24999999999999 -905.3451138777287 -45 -905.3451138777287 -48.75 -905.3451138777287 -52.50000000000001 -905.3451138777287 -56.25000000000001 -905.3451138777287 -60.000000000000014 -905.3451138777287 -63.750000000000014 -905.3451138777287 -67.50000000000001 -905.3451138777287 -71.25000000000003 -905.3451138777287 -75
P spline | -905.3451138777287 -75 -901.2205679158442 -74.99700990191846 -897.0960883088038 -75.02007568596129 -892.9721199755312 -74.96539198615515 -888.8488118000098 -74.96217867156581 -884.7552678382672 -75.45412598564802 -880.6485232487272 -75.79173799241721 -876.5251304464928 -75.69928851998922 -872.4019318702415 -75.7837010417629 -868.278988037772 -75.89144690208246 -864.1544542135714 -75.8918418006941 -860.0299189563058 -75.90041757794368 -855.9053865849471 -75.9112802768851 -851.7808395635689 -75.9141509043691 -847.6562925550697 -75.9170323702745 -843.5317451091913 -75.91918506787313 -839.4071972472557 -75.92037672656593 -835.2826493407548 -75.92138879088877 -831.1581013943796 -75.92222613773517 -827.0335534148287 -75.92288324417655 -822.909005413732 -75.92338511625807 -818.7844573968146 -75.92373481025986 -814.6599093719447 -75.92397513181976 -810.5353613439229 -75.92415391075323 -806.4108133146171 -75.92430059765466 -802.2862652846985 -75.92442900710964 -798.1617172543746 -75.92454363453066 -794.0371692237026 -75.92464500462518 -789.9126211928417 -75.92473841883479 -785.7880731621252 -75.92483792481234 -781.6635251314005 -75.924936637226 -777.538977099641 -75.92496739319819 -773.4144290684386 -75.92503373412279 -769.2898810376985 -75.92509788886207 -765.1653330180663 -75.92478603913938 -761.0407851013703 -75.92555294750947 -756.9162376053264 -75.9276524915627 -752.7916896525782 -75.92827470560567 -748.6671416265045 -75.92806264635881 -744.5425935947075 -75.928077819145 -740.418045562946 -75.92804688846384
P spline | -740.418045562946 -75.92804688846384 -732.23368730594 -75.96742234183048 -724.0493551819436 -76.01192823986564 -715.8650337074329 -76.05836016158703 -707.6807186161557 -76.10590270509441 -699.4964146990194 -76.15532916426703 -691.3121274627322 -76.2074415210699 -683.127864207608 -76.26318623815808 -674.9436443253309 -76.3249485446271 -666.7594992573853 -76.39590631788207 -658.5754472873648 -76.47691049283412 -650.3914678160048 -76.56495507642151 -642.2075295570196 -76.65675996339364 -634.023608586749 -76.75009526364477 -625.8396876043195 -76.84342949646636 -617.655749449715 -76.93524379393709 -609.471779277845 -77.0241560938793 -601.2877766864044 -77.11003382664157 -593.1037482514085 -77.19341354724007 -584.9197001214656 -77.27483815448124 -576.7356378548858 -77.35482990624605 -568.5515660945741 -77.43384477664145 -560.3674891921723 -77.51232546399144 -552.1834114126387 -77.59071466766868 -543.9993370093002 -77.66945542054738 -535.815270599724 -77.74902228368498 -527.6312175087394 -77.82994680333837 -519.4471833862304 -77.91276651477274 -511.26317425195356 -77.99801861112343 -503.07919578921246 -78.08616508733846 -494.895252280109 -78.17749850112813 -486.71134808198866 -78.27228821949927 -478.5274892280389 -78.37091338000927 -470.34368827304195 -78.47422799672351 -462.15996093087864 -78.58321398866008 -453.97631622604604 -78.69824044452695 -445.7927372396493 -78.8178562021517 -437.6091996786429 -78.94027630932783 -429.42569007398777 -79.06455079081645 -421.2422255628537 -79.19175767579196 -413.05882927532457 -79.32327693662876
P arc | -413.05882927532457 -79.32327693662877 -412.43269304395074 -79.2322677006695 -411.8064599251474 -79.1419275535441 -411.18013063390214 -79.05225659839633 -410.55370588531264 -78.96325493760614 -409.92718639458536 -78.87492267278917 -409.3005728770351 -78.78725990479651 -408.6738660480838 -78.70026673371567 -408.0470666232602 -78.61394325886894 -407.4201753181985 -78.5282895788142 -406.793192848638 -78.44330579134473 -406.1661199304219 -78.35899199348873 -405.53895727949697 -78.27534828150984 -404.91170561191217 -78.19237475090624 -404.2843656438179 -78.11007149641114 -403.65693809146603 -78.02843861199227 -403.0294236712078 -77.9474761908524 -402.40182309949387 -77.86718432542882 -401.7741370928733 -77.78756310739254 -401.14636636799264 -77.70861262764939 -400.5185116415951 -77.63033297633947 -399.89057363052007 -77.55272424283687 -399.26255305170156 -77.47578651574938 -398.6344506221683 -77.39951988291926 -398.0062670590422 -77.32392443142189 -397.37800307953796 -77.24900024756698 -396.74965940096195 -77.17474741689756 -396.12123674071165 -77.10116602418992 -395.49273581627466 -77.02825615345421 -394.86415734522797 -76.9560178879335 -394.23550204523707 -76.88445131010435 -393.6067706340551 -76.81355650167609 -392.97796382952237 -76.74333354359153 -392.34908234956487 -76.67378251602631 -391.72012691219425 -76.60490349838823 -391.09109823550637 -76.53669656931883 -390.46199703768065 -76.46916180669162 -389.83282403697945 -76.40229928761322 -389.2035799517471 -76.33610908842203 -388.574265500409 -76.27059128468971 -387.94488140147104 -76.2057459512192
P spline | -387.94488140147104 -76.2057459512192 -368.69402622178217 -76.47422044072984 -349.44312872522397 -76.73963842474504 -330.19211297270647 -76.99632164644495 -310.94091075478974 -77.23859178209416 -291.68948476268395 -77.46236887794127 -272.4378706590471 -77.66934904689687 -253.1861130093303 -77.86253267925488 -233.9342491778758 -78.04483969438732 -214.6822942862181 -78.21725971291598 -195.43024513829303 -78.37880750172607 -176.1780994980054 -78.52840838825531 -156.925855259783 -78.66471442089967 -137.67346853695494 -78.77890946947863 -118.42089214904236 -78.85398589913933 -99.16818230001046 -78.87395880040158 -79.91550663712155 -78.83275705081918 -60.66306256274694 -78.72961109841741 -41.41092151390617 -78.5796608528978 -22.158944027457224 -78.4097694931994 -2.9069079971683203 -78.24672086244179 16.34531179662009 -78.10713095882939 35.59771721985569 -77.99614193469581 54.85028220357613 -77.91761966935351 74.10294247423214 -77.86726193862387 93.35564271247243 -77.83526375339726 112.60835546616224 -77.8117185954982 131.8610678201692 -77.78784665199848 151.11377185169988 -77.75808145571806 170.36645575644135 -77.7174256578778 189.61909925313836 -77.66088302207326 208.87167062186168 -77.58367705868102 228.1241253463111 -77.48151771120536 247.3764027958189 -77.35019905854067 266.6284482177064 -77.18836549864216 285.88025801991057 -77.00052904330516 305.1318544190559 -76.79192559432767 324.3832788959872 -76.56798841874671 343.6345909874993 -76.334571831323 362.8858595301007 -76.09758412067751 382.13715664822126 -75.86293353319765
P spline | 382.13715664822126 -75.86293353319765 382.76691579042495 -75.92781007982174 383.3965808084138 -75.99359388959677 384.02615119013825 -76.06027732058895 384.65562645635146 -76.12785272836402 385.2850061603294 -76.19631246630762 385.9142898875886 -76.26564888593768 386.5434772556025 -76.33585433720874 387.17256791351554 -76.40692116880811 387.8015615394265 -76.47884174971617 388.4304570087283 -76.55161563754955 389.059251136491 -76.6252600014953 389.6879403525633 -76.69979465365374 390.31652100151814 -76.77523940034148 390.94498934076546 -76.85161404149565 391.5733415386689 -76.92893837001976 392.20157367267126 -77.00723217107085 392.82968172742716 -77.0865152212858 393.45766159294607 -77.16680728794627 394.0855090627432 -77.24812812808082 394.7132198320033 -77.33049748750273 395.3407894957529 -77.4139350997824 395.96821354704895 -77.49846068515379 396.5954873751771 -77.5840939493525 397.22260626386594 -77.67085458238535 397.84956538951985 -77.75876225723022 398.4763602513952 -77.84783359916432 399.1029887936853 -77.93806759525744 399.72944988945613 -78.0294568768169 400.35574245214286 -78.12199407176124 400.98186543402954 -78.21567181349594 401.6078178259379 -78.31048274122992 402.23359865691464 -78.40641950028207 402.8592069939203 -78.50347474237884 403.48464194151524 -78.60164112594173 404.109902641548 -78.70091131636595 404.7349882728417 -78.80127798628938 405.3598980508813 -78.90273381585241 405.98463122750104 -79.00527149294881 406.60918709057177 -79.10888371346745 407.2335649636884 -79.21356318152483
P spline | 407.2335649636884 -79.21356318152483 415.54102570407156 -79.09560971499842 423.8484725117467 -78.97666052075276 432.1558515043302 -78.853045509575 440.4632641936544 -78.7317208962947 448.7707167739935 -78.61315458229166 457.0781711319508 -78.49471247527815 465.38561898508414 -78.37581479754753 473.69307265468376 -78.25732438941846 482.0005324240707 -78.13926224322154 490.3079861096638 -78.0207730082645 498.61542664531135 -77.90136539506156 506.9228552058042 -77.78112746627666 515.2302703867666 -77.6599688899135 523.5376639375937 -77.53733672430644 531.8450298355037 -77.41284537736787 540.1523721661326 -77.28679079660068 548.4597033381068 -77.16000248507765 556.767062573828 -77.03506985509854 565.0744922387005 -76.91491942037253 573.3820239096468 -76.80205413282238 581.6896862329112 -76.69927631143231 589.9974964639842 -76.60926959239256 598.3054631407367 -76.53515840741544 606.6135639423683 -76.47796775509411 614.9217367910089 -76.43229409596877 623.2299284565136 -76.39013162363142 631.5380962640677 -76.34355365927112 639.8462290800765 -76.29106497543769 648.1543678578705 -76.23953403530689 656.4625374699173 -76.19326349423818 664.7707379459604 -76.15289206352183 673.0789519838918 -76.11539870243793 681.3871778463069 -76.08063603098616 689.6954210810562 -76.05031557214691 698.0036773902671 -76.02380377567664 706.3119419958346 -76.00002831899799 714.6202129761272 -75.97859346785843 722.9284894520301 -75.9594081456651 731.2367713042572 -75.94271492274436 739.5450570318698 -75.9280650878095
P line | 739.5450570318698 -75.9280650878095 741.6406036941867 -75.92791825588111 743.7361503565037 -75.9277714239527 745.8316970188206 -75.9276245920243 747.9272436811376 -75.92747776009591 750.0227903434545 -75.92733092816752 752.1183370057714 -75.92718409623912 754.2138836680884 -75.92703726431073 756.3094303304053 -75.92689043238234 758.4049769927223 -75.92674360045393 760.5005236550392 -75.92659676852553 762.5960703173561 -75.92644993659714 764.6916169796731 -75.92630310466875 766.7871636419901 -75.92615627274036 768.882710304307 -75.92600944081195 770.9782569666239 -75.92586260888355 773.0738036289408 -75.92571577695516 775.1693502912577 -75.92556894502677 777.2648969535747 -75.92542211309836 779.3604436158917 -75.92527528116997 781.4559902782087 -75.92512844924157 783.5515369405256 -75.92498161731318 785.6470836028425 -75.92483478538477 787.7426302651595 -75.92468795345638 789.8381769274764 -75.924541121528 791.9337235897933 -75.9243942895996 794.0292702521102 -75.9242474576712 796.1248169144272 -75.9241006257428 798.2203635767441 -75.9239537938144 800.3159102390612 -75.92380696188602 802.4114569013781 -75.92366012995763 804.507003563695 -75.92351329802922 806.6025502260119 -75.92336646610082 808.6980968883288 -75.92321963417243 810.7936435506458 -75.92307280224404 812.8891902129627 -75.92292597031563 814.9847368752797 -75.92277913838724 817.0802835375966 -75.92263230645885 819.1758301999135 -75.92248547453045 821.2713768622305 -75.92233864260204 823.3669235245475 -75.92219181067365
P spline | 823.3669235245475 -75.92219181067365 825.845266768565 -75.92394886345669 828.323610587791 -75.92323321435046 830.8019533790454 -75.92082278581313 833.2802951970901 -75.91754541068063 835.7586369074191 -75.91418551326798 838.2369790833372 -75.91119134039378 840.7153219690347 -75.90886435481862 843.1936654348353 -75.90726687173691 845.6720091700834 -75.90615424565792 848.1503530159155 -75.90529096667629 850.628696907882 -75.90456510563872 853.1070407734315 -75.90385876519709 855.5853842452676 -75.90238115185385 858.0637254918149 -75.89877163156261 860.5420626754897 -75.89289612456353 863.0204017247587 -75.88790350891645 865.4987445602462 -75.88643426108136 867.9770799797128 -75.88104156324826 870.4553223340746 -75.85920941221912 872.9335965612921 -75.85003228355988 875.409332146125 -75.95371095600669 877.8705196583323 -76.24156041831348 880.3259187638353 -76.5776291055789 882.7967889935236 -76.75693818568195 885.2747242124567 -76.7322204346359 887.7515820677257 -76.64649249315123 890.2295821666069 -76.60626028428415 892.7070449314754 -76.54370984331703 895.17780651562 -76.3550684520835 897.6354853023607 -76.03672161441067 900.0854272015239 -75.66262036060691 902.5381384286968 -75.30743023614852 905.0024553514336 -75.04666123440425 907.47835606791 -74.94682855249573 909.9565390567444 -74.96755727689438 912.434535747155 -75.00826124452134 914.9128622671219 -75.01253866027918 917.3911797809828 -75.00114541149095 919.869519830602 -74.99806621645553 922.3478630049739 -74.99999999999996
P line | 922.3478630049739 -74.99999999999996 922.3478630049739 -71.24999999999996 922.3478630049739 -67.49999999999996 922.3478630049739 -63.74999999999996 922.3478630049739 -59.999999999999964 922.3478630049739 -56.249999999999964 922.3478630049739 -52.499999999999964 922.3478630049739 -48.74999999999996 922.3478630049739 -44.99999999999997 922.3478630049739 -41.249999999999964 922.3478630049739 -37.49999999999997 922.3478630049739 -33.749999999999964 922.3478630049739 -29.999999999999964 922.3478630049739 -26.249999999999975 922.3478630049739 -22.49999999999997 922.3478630049739 -18.749999999999975 922.3478630049739 -14.999999999999979 922.3478630049739 -11.249999999999968 922.3478630049739 -7.499999999999979 922.3478630049739 -3.7499999999999756 922.3478630049739 1.3877787807814457e-14 922.3478630049739 3.7500000000000173 922.3478630049739 7.50000000000002 922.3478630049739 11.250000000000023 922.3478630049739 15.000000000000027 922.3478630049739 18.750000000000004 922.3478630049739 22.500000000000007 922.3478630049739 26.25000000000001 922.3478630049739 30.000000000000014 922.3478630049739 33.750000000000014 922.3478630049739 37.50000000000001 922.3478630049739 41.24999999999999 922.3478630049739 45 922.3478630049739 48.75 922.3478630049739 52.50000000000002 922.3478630049739 56.24999999999999 922.3478630049739 60 922.3478630049739 63.75 922.3478630049739 67.5 922.3478630049739 71.25000000000001 922.3478630049739 74.99999999999999
P spline | 922.3478630049739 74.99999999999999 919.8695225671968 74.99806622277997 917.391185254127 75.00114538736317 914.9128704766048 75.01253860320011 912.4345466925267 75.0082613211251 909.956552735364 74.96755761040555 907.4783724837321 74.94682852819871 905.0024744206111 75.04665939916504 902.5381574428125 75.30740379874892 900.0854335125982 75.66248840483853 897.6354604999999 76.0363673842673 895.1777570658738 76.3545050557144 892.7069968170202 76.54314697679166 890.2295422279511 76.60592376996891 887.7515484477559 76.64638335788402 885.2746951739423 76.73216660400331 882.7967624613964 76.75686880137118 880.325887855299 76.57764090572762 877.8704688470054 76.24173775184612 875.4092731066686 75.95397523911991 872.9335433312482 75.85020552949771 870.4552713063588 75.85922988007084 867.9770309794186 75.88098974040857 865.4986983130203 75.88639911155033 863.0203582311408 75.88790189861402 860.5420219324549 75.89290212621387 858.0636874723099 75.89877188667151 855.585348957374 75.90237833540486 853.107008222667 75.90385722155384 850.6286670941827 75.90456540610234 848.1503259389572 75.90529170857869 845.6719848294573 75.90615420310007 843.1936438303604 75.90726583122365 840.7153031028605 75.90886581164375 838.2369629627004 75.9112021533982 835.758623528728 75.914200955532 833.2802845233587 75.9175376038843 830.8019453654092 75.92075638044167 828.323605249582 75.92310364048187 825.8452641554943 75.92379778476857 823.3669235245475 75.92219167658611
P line | 823.3669235245475 75.92219167658611 821.2713768622305 75.92233851232936 819.1758301999135 75.92248534807263 817.0802835375966 75.92263218381588 814.9847368752796 75.92277901955914 812.8891902129627 75.9229258553024 810.7936435506458 75.92307269104566 808.6980968883288 75.9232195267889 806.6025502260119 75.92336636253216 804.507003563695 75.92351319827542 802.4114569013781 75.92366003401868 800.3159102390612 75.92380686976193 798.220363576744 75.9239537055052 796.1248169144271 75.92410054124846 794.0292702521102 75.92424737699172 791.9337235897933 75.92439421273498 789.8381769274764 75.92454104847823 787.7426302651595 75.9246878842215 785.6470836028425 75.92483471996475 783.5515369405256 75.92498155570802 781.4559902782086 75.92512839145127 779.3604436158917 75.92527522719452 777.2648969535747 75.92542206293777 775.1693502912577 75.92556889868104 773.0738036289408 75.92571573442429 770.9782569666239 75.92586257016755 768.882710304307 75.9260094059108 766.7871636419901 75.92615624165407 764.691616979673 75.92630307739732 762.5960703173561 75.92644991314059 760.5005236550392 75.92659674888384 758.4049769927223 75.9267435846271 756.3094303304053 75.92689042037036 754.2138836680884 75.92703725611362 752.1183370057714 75.92718409185686 750.0227903434545 75.92733092760012 747.9272436811375 75.92747776334338 745.8316970188206 75.92762459908664 743.7361503565037 75.92777143482989 741.6406036941867 75.92791827057316 739.5450570318698 75.92806510631641
P spline | 739.5450570318698 75.92806510631641 731.2367713042312 75.94271492636007 722.9284894519931 75.9594081433903 714.6202129760923 75.97859346634439 706.311941995807 76.00002832021049 698.0036773902441 76.0238037784405 689.6954210810078 76.05031556686149 681.3871778462853 76.08063603262596 673.0789519838874 76.1153987083549 664.7707379458852 76.15289205372174 656.4625374699165 76.19326349947606 648.1543678578442 76.23953403657468 639.8462290800073 76.29106496939679 631.5380962640983 76.34355366886591 623.2299284564526 76.39013161695827 614.9217367909961 76.43229409872262 606.6135639423425 76.47796775557234 598.3054631406974 76.53515840582953 589.9974964639704 76.60926959374915 581.6896862328729 76.69927631041678 573.3820239096342 76.80205413390375 565.0744922386651 76.91491941974407 556.7670625737935 77.03506985451477 548.4597033381058 77.16000248668503 540.1523721660978 77.28679079596657 531.8450298354622 77.41284537626233 523.5376639375856 77.53733672542711 515.2302703867409 77.65996888981076 506.922855205773 77.78112746576642 498.61542664529776 77.90136539574189 490.30798610964507 78.02077300855899 482.00053242402885 78.13926224187621 473.6930726546552 78.25732438898868 465.3856189850928 78.37581479970375 457.0781711319412 78.49471247612536 448.77071677392814 78.61315457920048 440.4632641936167 78.73172089510294 432.155851504375 78.85304551400708 423.8484725117241 78.97666052062803 415.54102570397333 79.09560970963395 407.2335649636884 79.21356318308447
P spline | 407.2335649636884 79.21356318308447 406.609187084122 79.10888374426706 405.9846312126953 79.00527156478948 405.3598980261533 78.90273393872111 404.73498823695576 78.80127816835778 404.1099025935895 78.70091156398884 403.48464188088207 78.60164144365592 402.859206920313 78.50347513290187 402.2335985703268 78.40641996451106 401.6078177266461 78.3104832782404 400.9818653225843 78.21567242054095 400.3557423293575 78.12199474427018 399.7294497563976 78.02945760839492 399.10298865166357 77.93806837768449 398.47636010195276 77.84783442239446 397.84956523442156 77.75876310938797 397.2226061050487 77.67085545004939 396.5954872144999 77.58409481929996 395.9682133862297 77.49846154483504 395.3407893363735 77.4139359373211 394.71321967551455 77.3304982916958 394.0855089104697 77.24812888839861 393.45766144609036 77.16680799453223 392.8296815870742 77.08651586495665 392.201573539793 77.00723274331642 391.57334141412844 76.92893886300276 390.9449892253204 76.85161444805149 390.31652089582525 76.7752397139783 389.687940257182 76.69979486855198 389.0592510518871 76.62526011250775 388.4304569352769 76.55161564020088 387.80156147741593 76.47884164020302 387.17256786301095 76.40692094521945 386.5434772161848 76.33585400187052 385.914289858502 76.26564844424104 385.28500614049784 76.19631192667393 384.6556264443913 76.1278521022479 384.02615118437154 76.0602766224811 383.39658080688156 75.99359313702676 382.7669157908995 75.92780929336071 382.13715664822126 75.86293273646092
P spline | 382.13715664822126 75.86293273646092 362.88585953118616 76.09758343263096 343.6345909914881 76.33457139887919 324.3832789033646 76.56798828584292 305.131854428993 76.79192570192671 285.88025803075016 77.00052925579162 266.62844822803885 77.18836568281296 247.37640280447087 77.35019906975259 228.12412535339612 77.48151753268927 208.87167062886707 77.5836769142755 189.61909926042486 77.66088300902683 170.3664557638033 77.71742575209397 151.11377185891448 77.75808159340542 131.86106782707284 77.78784674371627 112.60835547262411 77.81171852572352 93.35564271853384 77.83526355215628 74.10294248020902 77.86726182760579 54.85028220987301 77.91761977117457 35.59771722663537 77.99614222216802 16.34531180152679 78.10713097068303 -2.906907994513043 78.2467205926955 -22.158944023270315 78.40976943017168 -41.41092150845426 78.57966096032963 -60.66306255770789 78.729611180318 -79.91550663346969 78.83275692023663 -99.16818229646968 78.87395876024554 -118.42089214579569 78.85398595841983 -137.67346853373394 78.7789094760642 -156.92585525638188 78.66471435559002 -176.1780994948245 78.52840831890161 -195.43024513587793 78.37880749938867 -214.68229428467845 78.21725978605946 -233.93424917675236 78.0448397872268 -253.18611300765892 77.86253268885831 -272.4378706566215 77.66934895695857 -291.68948476015083 77.4623687548304 -310.94091075373757 77.2385917643949 -330.19211297342423 76.99632175093781 -349.4431287260824 76.73963852184481 -368.69402622205064 76.47422047740189 -387.94488140147104 76.20574595121826
P arc | -387.94488140147104 76.20574595121809 -388.574308856751 76.27019788364797 -389.2036649954066 76.33534252111396 -389.83294905509416 76.40117978470585 -390.4621602735571 76.46770959467419 -391.0912978886273 76.53493187043114 -391.7203611382255 76.60284653055005 -392.34934926036277 76.67145349276494 -392.978261493141 76.74075267397184 -393.60709707475417 76.81074399022836 -394.235855243489 76.88142735675308 -394.86453523772616 76.95280268792715 -395.4931362959406 77.02486989729296 -396.1216576567033 77.09762889755467 -396.7500985586816 77.17107960057933 -397.3784582406403 77.24522191739491 -398.00673594144274 77.32005575819257 -398.6349309000513 77.3955810323257 -399.2630423555288 77.4717976483098 -399.89106954703914 77.54870551382298 -400.51901171384816 77.6263045357063 -401.146868095325 77.70459461996337 -401.7746379309423 77.78357567176108 -402.4023204602779 77.86324759542896 -403.02991492301527 77.94361029445962 -403.65742055894447 78.02466367150951 -404.28483660796326 78.10640762839782 -404.9121623100779 78.18884206610744 -405.53939690540403 78.27196688478489 -406.1665396341677 78.35578198374071 -406.7935897367062 78.4402872614488 -407.42054645346917 78.52548261554738 -408.0474090250191 78.61136794283851 -408.67417669203263 78.69794313928912 -409.30084869530157 78.78520810002942 -409.9274242757333 78.87316271935518 -410.55390267435223 78.96180689072607 -411.1802831323002 79.05114050676687 -411.80656489083805 79.14116345926692 -412.4327471913459 79.2318756391811 -413.05882927532457 79.32327693662866
